ActualImprovement,AverageEpisodeLength,AveragePolicyProb[0],AveragePolicyProb[1],AverageReturn,Entropy,ExpectedImprovement,ExplainedVariance,ImprovementRatio,Iteration,MaxEpisodeLength,MaxReturn,MeanKL,MinEpisodeLength,MinReturn,Perplexity,StdEpisodeLength,StdReturn,TotalNEpisodes,TotalNSamples,ValueLoss
0.0081044509634296,22.71764705882353,0.5014004707336426,0.49859943985939026,22.71764705882353,0.6931427121162415,0.008099589496850967,1.4031257222879567e-05,1.0006002114774486,1,104,104.0,0.0008870565216057003,9,9.0,1.999991774559021,13.63008071678304,13.63008071678304,85,2000,311.1103820800781
0.007994608797133651,24.25,0.5005961656570435,0.49940383434295654,24.25,0.6922640800476074,0.0071070782840251924,0.002371726173496236,1.12487979977699,2,74,74.0,0.0008089895127341151,8,8.0,1.998236060142517,13.368900478348996,13.368900478348996,165,4000,316.1686096191406
0.008467478938399609,27.16,0.4919482469558716,0.5080518126487732,27.16,0.6897702217102051,0.0071880057454109195,-0.006867274018817149,1.1780011366581824,3,102,102.0,0.0007674419321119785,10,10.0,1.993270993232727,16.46676653141108,16.46676653141108,238,6000,298.92034912109375
0.007979019418357325,27.04,0.4896685481071472,0.5103314518928528,27.04,0.686558187007904,0.00754595547914505,-0.006245297132770888,1.0573902059731395,4,122,122.0,0.0006336916121654212,10,10.0,1.9869171380996704,16.334576823413578,16.334576823413578,312,8000,265.6980285644531
0.009675859041507806,28.62,0.48736289143562317,0.5126370787620544,28.62,0.6808285713195801,0.010698717087507248,0.022045584374141503,0.9043943271297622,5,122,122.0,0.0007906007813289762,10,10.0,1.975694179534912,17.82738343111518,17.82738343111518,380,10000,179.3254852294922
0.008474916599688243,31.42,0.495064914226532,0.504935085773468,31.42,0.6746929883956909,0.00838056206703186,-0.007685748337398657,1.0112587356196026,6,116,116.0,0.0006408951594494283,10,10.0,1.9637826681137085,21.973247370382012,21.973247370382012,433,12000,351.7456970214844
0.009781175054609292,39.23,0.4872311055660248,0.5127688646316528,39.23,0.6707258224487305,0.009633390232920647,0.03496047236484179,1.015340894338902,7,116,116.0,0.00095553562277928,10,10.0,1.956267237663269,26.04759297900672,26.04759297900672,478,14000,319.2742919921875
0.009543898925183925,46.82,0.48894646763801575,0.5110535025596619,46.82,0.6640380024909973,0.009850799106061459,0.05437985999985928,0.9688451487464921,8,143,143.0,0.0009270820883102715,10,10.0,1.9435263872146606,29.965106373914313,29.965106373914313,515,16000,336.0874328613281
0.010508116632700126,51.98,0.48514649271965027,0.5148535966873169,51.98,0.6544775366783142,0.010928502306342125,0.04581155449644014,0.9615330937526511,9,210,210.0,0.0008991237846203148,10,10.0,1.9258038997650146,36.704762633750946,36.704762633750946,551,18000,451.080078125
0.01119730251282458,56.01,0.5085051655769348,0.4914948642253876,56.01,0.6480481624603271,0.011473959311842918,0.0796136777195332,0.9758882882970672,10,210,210.0,0.000983367208391428,11,11.0,1.91378915309906,39.26206693489277,39.26206693489277,586,20000,379.8702087402344
0.010833001352850147,62.97,0.4983173608779907,0.501682698726654,62.97,0.6436914205551147,0.011022096499800682,0.1096668634727157,0.9828439946108297,11,249,249.0,0.0009742742404341698,11,11.0,1.9060356616973877,47.56415772406782,47.56415772406782,605,22000,708.3899536132812
0.009860021397471996,74.28,0.478940486907959,0.5210596323013306,74.28,0.6329892873764038,0.010187672451138496,0.11800656618118532,0.9678384778036435,12,265,265.0,0.0009755612118169665,12,12.0,1.8867223262786865,57.34214505928428,57.34214505928428,623,24000,534.4848022460938
0.008277272067964248,87.24,0.5047865509986877,0.4952135682106018,87.24,0.6309798359870911,0.008876551873981953,0.20674696966616046,0.9324873200173309,13,297,297.0,0.0009011499350890517,12,12.0,1.8836103677749634,62.99017701197545,62.99017701197545,636,26000,642.4630737304688
0.01248776896297965,99.29,0.509494423866272,0.490505576133728,99.29,0.6134538054466248,0.013407080434262753,0.08627206946391652,0.931430897592459,14,372,372.0,0.0008938575629144907,12,12.0,1.8525488376617432,69.37338034145372,69.37338034145372,650,28000,585.6309814453125
0.00859197190590244,109.74,0.4968564212322235,0.5031436681747437,109.74,0.6074607372283936,0.009202541783452034,0.20232919077593092,0.9336520396302337,15,372,372.0,0.00092852464877069,12,12.0,1.842850685119629,74.55341977401172,74.55341977401172,664,30000,604.4226684570312
0.006652825940399509,123.71,0.48520520329475403,0.5147945880889893,123.71,0.6133477687835693,0.007917609997093678,0.35328353564817117,0.8402568379651898,16,432,432.0,0.0007601638208143413,12,12.0,1.8524430990219116,80.75026873020299,80.75026873020299,673,32000,410.41485595703125
0.012396394520998,136.43,0.5171301364898682,0.48286986351013184,136.43,0.6085930466651917,0.014918310567736626,0.36552382363856895,0.8309516325399006,17,432,432.0,0.000794852152466774,12,12.0,1.845223307609558,82.31868014005084,82.31868014005084,685,34000,423.6232604980469
0.00527761583403219,150.26,0.5073868632316589,0.4926129877567291,150.26,0.6049299836158752,0.005261130630970001,0.6456946500608494,1.0031333955034585,18,432,432.0,0.0008592703379690647,12,12.0,1.839078426361084,84.2087430140125,84.2087430140125,692,36000,409.76068115234375
0.006783650945870079,164.46,0.5116109251976013,0.48838910460472107,164.46,0.5995243191719055,0.00804578885436058,0.7670712257583763,0.8431306200874934,19,444,444.0,0.0007733681704849005,12,12.0,1.8284308910369873,90.6116350144947,90.6116350144947,699,38000,220.1031036376953
0.010799407891929125,170.07,0.5305094718933105,0.4694903790950775,170.07,0.6043314337730408,0.013987752608954906,0.47715478906851716,0.7720616880952974,20,444,444.0,0.0007193553610704839,12,12.0,1.8377848863601685,94.03097946953442,94.03097946953442,709,40000,435.99322509765625
0.004533392746001397,188.21,0.5171810984611511,0.4828190505504608,188.21,0.5932430624961853,0.00456294696778059,0.8787347363087724,0.9935229968728809,21,444,444.0,0.0008358307532034814,15,15.0,1.8193336725234985,98.86084108482994,98.86084108482994,716,42000,227.0133819580078
0.006273581024259317,196.05,0.49375519156455994,0.5062448382377625,196.05,0.5858336091041565,0.007301291823387146,0.6903528836464965,0.8592426074744861,22,444,444.0,0.0007316051633097231,15,15.0,1.8065346479415894,98.23353551613626,98.23353551613626,722,44000,205.97645568847656
0.009032927993684936,208.37,0.49750155210494995,0.5024983882904053,208.37,0.5937116742134094,0.013971984386444092,0.5713465901792585,0.646502869159292,23,444,444.0,0.0005046103615313768,15,15.0,1.8206496238708496,96.11791248253365,96.11791248253365,730,46000,305.8365173339844
0.009773866362870365,217.36,0.5062890648841858,0.49371105432510376,217.36,0.5934632420539856,0.012651242315769196,0.6479491349557062,0.7725617863383809,24,444,444.0,0.0006815657834522426,15,15.0,1.8205890655517578,100.88810831807682,100.88810831807682,736,48000,312.2757568359375
0.0032188183180963392,227.53,0.5176039338111877,0.48239612579345703,227.53,0.5996430516242981,0.0028614833950996402,0.9303945744773263,1.1248775105977005,25,444,444.0,0.0006292134057730436,15,15.0,1.8302432298660278,104.05185774410758,104.05185774410758,741,50000,91.48603820800781
0.009519775012508447,240.23,0.5078185200691223,0.4921814501285553,240.23,0.6072830557823181,0.011027454584836961,0.8102992582961304,0.8632794575820233,26,444,444.0,0.0006518029840663075,15,15.0,1.8436145782470703,104.8571270825212,104.8571270825212,748,52000,119.45408630371094
0.005149071253836013,250.88,0.5297427773475647,0.4702574908733368,250.88,0.5964131951332092,0.005535186734050512,0.9369955210379705,0.9302434590256452,27,444,444.0,0.000986265018582344,15,15.0,1.8249285221099854,102.08832254474554,102.08832254474554,752,54000,35.16087341308594
0.004916855748742677,268.03,0.500994861125946,0.49900513887405396,268.03,0.5910801887512207,0.005610311403870583,0.9563562799526557,0.8763962273734953,28,444,444.0,0.0007361226598732173,15,15.0,1.8158634901046753,97.80802165466798,97.80802165466798,760,56000,35.93748474121094
0.012461398334242424,275.34,0.5076500773429871,0.4923497140407562,275.34,0.5862559676170349,0.017106324434280396,0.655267707674734,0.7284673210844917,29,444,444.0,0.0007422417402267456,15,15.0,1.808348536491394,97.55523768614373,97.55523768614373,766,58000,232.52174377441406
0.006725048217923302,282.86,0.5337815880775452,0.4662184715270996,282.86,0.5923749804496765,0.006277820467948914,0.9338285159329115,1.071239334137968,30,444,444.0,0.0007085636025294662,15,15.0,1.8182646036148071,94.47253780861399,94.47253780861399,772,60000,45.914669036865234
0.005474284416064457,289.01,0.5088921189308167,0.4911077916622162,289.01,0.5916585326194763,0.00817890651524067,0.9317336177142731,0.6693173966304189,31,444,444.0,0.0007704810122959316,15,15.0,1.8169331550598145,94.58081147886182,94.58081147886182,777,62000,43.25783920288086
0.004324031256139449,298.54,0.49700281023979187,0.5029971599578857,298.54,0.5956521034240723,0.0048050500452518465,0.9407131704270584,0.8998930740403587,32,444,444.0,0.0006555221043527126,15,15.0,1.8240563869476318,90.51070875868778,90.51070875868778,782,64000,59.42173385620117
0.011225553616881712,311.51,0.5149086713790894,0.4850914478302002,311.51,0.5925222039222717,0.011980469338595867,0.8977376205154333,0.9369878006964097,33,444,444.0,0.0009324285783804953,55,55.0,1.8191181421279907,79.9562999394044,79.9562999394044,789,66000,98.66645050048828
0.004231347516178374,316.3,0.5129785537719727,0.48702141642570496,316.3,0.5821765661239624,0.004491245374083519,0.934545834395638,0.9421323405296734,34,444,444.0,0.0008910006727091968,55,55.0,1.8016384840011597,79.77048326292126,79.77048326292126,793,68000,57.854881286621094
0.004135671112685202,320.17,0.5021349787712097,0.49786508083343506,320.17,0.5759400129318237,0.004334842786192894,0.9591003010638214,0.9540533109661825,35,437,437.0,0.000858754210639745,55,55.0,1.791375994682312,77.52845348644587,77.52845348644587,798,70000,28.91425895690918
0.005020751526462419,327.98,0.5096511244773865,0.4903488755226135,327.98,0.562251627445221,0.005017837975174189,0.8962992485446832,1.0005806387736402,36,437,437.0,0.0009552232222631574,55,55.0,1.770272135734558,75.59086981904626,75.59086981904626,804,72000,67.83798217773438
0.003604179838672339,336.09,0.5019416213035583,0.49805858731269836,336.09,0.5718636512756348,0.004732539877295494,0.8586463991505712,0.7615741086437544,37,437,437.0,0.0007790002855472267,99,99.0,1.785767674446106,66.62733598156241,66.62733598156241,809,74000,93.23521423339844
0.009034205667674655,335.13,0.5291447639465332,0.470855176448822,335.13,0.5838996171951294,0.01435175072401762,0.6784551087477684,0.6294845723982604,38,453,453.0,0.000549545104149729,95,95.0,1.8052642345428467,70.28522675498742,70.28522675498742,816,76000,259.1094055175781
0.006570774145424396,339.07,0.5340809226036072,0.46591877937316895,339.07,0.5849876999855042,0.007702277600765229,0.9375447162334779,0.8530949526892647,39,453,453.0,0.0006713414331898093,95,95.0,1.8072140216827393,66.82473419326111,66.82473419326111,823,78000,41.19129943847656
0.004752532836050705,345.45,0.5209682583808899,0.4790317118167877,345.45,0.571658194065094,0.005110783036798239,0.9476651036974651,0.9299030700054981,40,453,453.0,0.0008724550134502351,95,95.0,1.7854512929916382,60.11994261474307,60.11994261474307,828,80000,51.2081184387207
0.006472370512783598,349.5,0.5115508437156677,0.4884491562843323,349.5,0.5739313960075378,0.006369993090629578,0.9602857825356279,1.0160718262480726,41,453,453.0,0.0008708243258297443,95,95.0,1.789689302444458,55.9295092057851,55.9295092057851,834,82000,31.471813201904297
0.005517427247017537,348.86,0.5155970454216003,0.4844028949737549,348.86,0.5715848803520203,0.004922270402312279,0.9572165139881624,1.1209110422754665,42,453,453.0,0.0007961208466440439,95,95.0,1.784967303276062,55.53485752210048,55.53485752210048,839,84000,26.040212631225586
0.005044436689466636,351.02,0.5004878640174866,0.49951204657554626,351.02,0.5750019550323486,0.004743109270930291,0.9445218602040586,1.0635295122511998,43,453,453.0,0.0006826121243648231,95,95.0,1.790078043937683,55.86465429947634,55.86465429947634,843,86000,39.40888214111328
0.0037214407678693995,353.2,0.5151188969612122,0.484881192445755,353.2,0.5818548202514648,0.009615089744329453,0.9702285203209632,0.38704170910772184,44,453,453.0,0.0005752902943640947,95,95.0,1.8012346029281616,52.990187770944914,52.990187770944914,850,88000,27.134225845336914
0.003488222124055085,354.88,0.5165302753448486,0.48346957564353943,354.88,0.582737386226654,0.0039917811751365665,0.9486397072467175,0.8738510381736408,45,453,453.0,0.0008361819782294333,95,95.0,1.8035879135131836,52.394137076585196,52.394137076585196,855,90000,36.57102584838867
0.0045384140945969875,355.27,0.5226847529411316,0.47731542587280273,355.27,0.5747478008270264,0.004564909636974335,0.9665653359201033,0.9941958232507514,46,453,453.0,0.0006506229401566088,95,95.0,1.7898801565170288,52.19020118757926,52.19020118757926,860,92000,23.293943405151367
0.005372108794748698,357.3,0.4977959096431732,0.5022041201591492,357.3,0.5809696912765503,0.005702797323465347,0.9648591939613216,0.9420129262956685,47,453,453.0,0.00089263916015625,95,95.0,1.8001461029052734,50.468306886599635,50.468306886599635,865,94000,28.875391006469727
0.006361208658665518,362.23,0.49772027134895325,0.5022796988487244,362.23,0.5838421583175659,0.005910081788897514,0.9259515674366539,1.0763317473229348,48,453,453.0,0.000738481292501092,95,95.0,1.8055919408798218,43.79014843546433,43.79014843546433,870,96000,47.12685012817383
0.004918520450591046,366.33,0.5180729031562805,0.48192715644836426,366.33,0.5753891468048096,0.004607734084129333,0.9521605000645986,1.0674488502997972,49,455,455.0,0.0007700833957642317,95,95.0,1.7913376092910767,44.45335870325211,44.45335870325211,875,98000,35.83068084716797
0.007801360640673494,367.88,0.4947108328342438,0.5052891969680786,367.88,0.5699739456176758,0.00909503549337387,0.8461394469793259,0.8577603293969688,50,455,455.0,0.000918971432838589,95,95.0,1.7814226150512695,45.69579411718326,45.69579411718326,880,100000,95.20515441894531
0.004888354800641537,370.15,0.50751793384552,0.4924820065498352,370.15,0.5851233005523682,0.004648808389902115,0.9275264580221692,1.0515285618696937,51,455,455.0,0.0006801263079978526,95,95.0,1.8071211576461792,47.031983798262225,47.031983798262225,885,102000,52.673946380615234
0.005093716281932004,373.87,0.4960505962371826,0.5039494037628174,373.87,0.5808956027030945,0.004754273220896721,0.9638219383757197,1.0713974660823677,52,455,455.0,0.0008995337993837893,95,95.0,1.8002851009368896,47.481081495686254,47.481081495686254,889,104000,21.122238159179688
0.008747677445411384,372.98,0.5172924995422363,0.482707679271698,372.98,0.5843549370765686,0.012616811320185661,0.753092835845489,0.6933350450771946,53,456,456.0,0.0006505852215923369,50,50.0,1.8065611124038696,58.08734457693861,58.08734457693861,895,106000,190.26414489746094
0.004610841553656542,376.5,0.5156018733978271,0.4843979477882385,376.5,0.5738404989242554,0.003447320759296418,0.9550359719761774,1.3375145150686798,54,456,456.0,0.0006527835503220558,50,50.0,1.788952350616455,59.14600578230114,59.14600578230114,900,108000,47.02937316894531
0.012908603273332098,374.56,0.5051207542419434,0.49487924575805664,374.56,0.5868123173713684,0.016660060733556747,0.6428583331970282,0.7748233022543278,55,456,456.0,0.0009399717673659325,25,25.0,1.8101783990859985,68.81428921379629,68.81428921379629,906,110000,273.52154541015625
0.005389506109057862,377.86,0.4930627942085266,0.5069372653961182,377.86,0.5547046065330505,0.006573346443474293,0.9490023035483557,0.8199029452354986,56,471,471.0,0.0008258530288003385,25,25.0,1.7585053443908691,70.054267535961,70.054267535961,910,112000,50.62499237060547
0.006668076556175961,381.91,0.4963361918926239,0.5036638379096985,381.91,0.579544186592102,0.00636717677116394,0.9590696590610327,1.0472579599760374,57,471,471.0,0.0006945200148038566,25,25.0,1.797750473022461,70.45624102945034,70.45624102945034,914,114000,30.570419311523438
0.00765178648009901,389.3,0.517597496509552,0.4824024736881256,389.3,0.5697474479675293,0.008754993788897991,0.9580002865303157,0.8739910803594249,58,471,471.0,0.0009095644345507026,25,25.0,1.7821576595306396,65.24331383367954,65.24331383367954,918,116000,25.042964935302734
0.006794397745281344,395.66,0.5132415890693665,0.48675858974456787,395.66,0.5709130764007568,0.005877039581537247,0.9382245213923254,1.1560918811276997,59,493,493.0,0.0008564083254896104,25,25.0,1.7834903001785278,64.97525990713697,64.97525990713697,923,118000,39.07576370239258
0.007195507586001071,400.3,0.4997074007987976,0.5002927184104919,400.3,0.5735907554626465,0.005975614115595818,0.9509783275666082,1.2041452889706248,60,500,500.0,0.0008839116781018674,25,25.0,1.7886110544204712,66.96185481302021,66.96185481302021,927,120000,40.9522705078125
0.005105741582810852,405.81,0.5202714800834656,0.47972849011421204,405.81,0.571743905544281,0.00495566762983799,0.9423264527604676,1.030283296658006,61,500,500.0,0.0006630692514590919,25,25.0,1.7851557731628418,68.17722420280838,68.17722420280838,931,122000,34.60343933105469
0.007964428532868606,410.49,0.5020132064819336,0.49798688292503357,410.49,0.5679948329925537,0.009252934716641903,0.9330947782858798,0.8607462147705582,62,500,500.0,0.0008416131022386253,25,25.0,1.7799880504608154,69.67947976269627,69.67947976269627,935,124000,40.55947494506836
0.005549154423177272,415.56,0.5074923038482666,0.4925076365470886,415.56,0.5754947066307068,0.004728296399116517,0.9714393401477044,1.1736054499912765,63,500,500.0,0.0008510289480909705,25,25.0,1.7911479473114014,70.92930565006257,70.92930565006257,939,126000,16.68631362915039
0.004743700504302978,419.55,0.4903860092163086,0.5096139907836914,419.55,0.5812222957611084,0.00425826795399189,0.9431453158250234,1.113997652462434,64,500,500.0,0.0007933630840852857,25,25.0,1.8003147840499878,72.68705180429318,72.68705180429318,943,128000,33.884376525878906
0.0027282371856272025,424.8,0.5187411308288574,0.48125919699668884,424.8,0.5690596699714661,0.004639827646315098,0.9151905983007275,0.5880039935953094,65,500,500.0,0.0005418075015768409,25,25.0,1.7812681198120117,73.52645782301771,73.52645782301771,947,130000,48.42152404785156
0.005152314025908655,429.34,0.5066140294075012,0.4933859705924988,429.34,0.5685252547264099,0.005755185149610043,0.934143209698673,0.8952473103767589,66,500,500.0,0.0008176523842848837,25,25.0,1.7795451879501343,74.43281803075844,74.43281803075844,951,132000,37.903419494628906
0.0033214956596490097,434.72,0.49577927589416504,0.504220724105835,434.72,0.5782380104064941,0.004001455847173929,0.9402145033348869,0.8300718004910266,67,500,500.0,0.0006486577913165092,25,25.0,1.795906662940979,74.42729069366963,74.42729069366963,955,134000,35.18693923950195
0.005225840044964514,439.69,0.5091933012008667,0.4908066987991333,439.69,0.5685727000236511,0.005698723718523979,0.9311800922416746,0.9170193718950904,68,500,500.0,0.0007994464249350131,25,25.0,1.7802084684371948,74.31442592121668,74.31442592121668,959,136000,39.48186492919922
0.0017124110963195882,444.43,0.49621492624282837,0.5037849545478821,444.43,0.5679028034210205,0.006924302317202091,0.942262924512705,0.24730449623284553,69,500,500.0,0.00022359580907505006,25,25.0,1.779446005821228,74.17873751958845,74.17873751958845,963,138000,33.144744873046875
0.0027469514161344577,448.71,0.4986932575702667,0.5013066530227661,448.71,0.5600743889808655,0.0026502642780542375,0.9443565166359275,1.0364820742145782,70,500,500.0,0.0006878292770124972,25,25.0,1.7665448188781738,74.09066000515855,74.09066000515855,967,140000,32.310001373291016
0.007089275356382041,452.75,0.5101653337478638,0.489834725856781,452.75,0.5731709003448486,0.007364202290773392,0.9496331053977307,0.962667112670736,71,500,500.0,0.0009016648400574923,25,25.0,1.7871191501617432,73.75599975595206,73.75599975595206,971,142000,30.418603897094727
0.007322907573310666,456.1,0.5105414986610413,0.48945850133895874,456.1,0.5729297995567322,0.009126978926360607,0.8756120002109202,0.8023364173834774,72,500,500.0,0.0007333921384997666,25,25.0,1.7879695892333984,73.76632022813662,73.76632022813662,975,144000,71.34706115722656
0.0036651700325309733,460.75,0.507715106010437,0.4922850430011749,460.75,0.5624650120735168,0.0036244191229343418,0.9584367839825525,1.0112434319029968,73,500,500.0,0.0007038098410703242,25,25.0,1.7700968980789185,72.2620751155127,72.2620751155127,979,146000,25.57331085205078
0.00448240112140752,463.94,0.4923110902309418,0.5076888203620911,463.94,0.5693740844726562,0.004806353524327279,0.9382207838587396,0.932599131279029,74,500,500.0,0.0006385455490089953,25,25.0,1.7811524868011475,72.19138729793188,72.19138729793188,984,148000,46.106475830078125
0.005940550889819818,467.23,0.4961855113506317,0.5038145184516907,467.23,0.5764381289482117,0.00691272271797061,0.9567784502470154,0.8593648453997016,75,500,500.0,0.0008569515775889158,25,25.0,1.7935386896133423,71.52591907833131,71.52591907833131,988,150000,25.95772361755371
0.004179992388933906,470.34,0.5102959871292114,0.4897039830684662,470.34,0.5743701457977295,0.0042331162840127945,0.9010717197825425,0.9874504049700876,76,500,500.0,0.0009145999210886657,25,25.0,1.7897056341171265,71.06113142921382,71.06113142921382,992,152000,59.17819595336914
0.002732572013512069,477.2,0.5058260560035706,0.49417388439178467,477.2,0.565334141254425,0.0031056124716997147,0.9403837754814467,0.8798818392226899,77,500,500.0,0.0007099771755747497,25,25.0,1.7747830152511597,56.55103889408223,56.55103889408223,996,154000,35.986351013183594
0.002325156949460505,479.73,0.49587905406951904,0.504120945930481,479.73,0.5731468796730042,0.002522861957550049,0.9609512239600356,0.9216346310594277,78,500,500.0,0.0006447337218560278,25,25.0,1.7868037223815918,56.08972365772539,56.08972365772539,1000,156000,23.310802459716797
0.004545735676773077,482.48,0.5168057680130005,0.4831942915916443,482.48,0.5497158169746399,0.005618458613753319,0.9742879926887935,0.8090716670308217,79,500,500.0,0.0007088813581503928,25,25.0,1.7500823736190796,55.30813321745726,55.30813321745726,1004,158000,15.736217498779297
0.002928551688674119,490.5,0.4937814772129059,0.506218433380127,490.5,0.5653436183929443,0.003583332523703575,0.9362177761132351,0.8172704233564394,80,500,500.0,0.0006819433183409274,339,339.0,1.7749460935592651,22.37118682591516,22.37118682591516,1008,160000,37.909584045410156
0.0030069083590060774,492.57,0.49906817078590393,0.5009317994117737,492.57,0.560772716999054,0.0027880448848009113,0.94439644757438,1.0785006996832458,81,500,500.0,0.0006653221207670867,339,339.0,1.7672008275985718,20.35301206210029,20.35301206210029,1012,162000,34.363441467285156
0.00445416495949047,494.19,0.5053575038909912,0.4946424663066864,494.19,0.5651640295982361,0.0043027862906456,0.9733627361704096,1.0351815448454813,82,500,500.0,0.0006385735468938947,339,339.0,1.7761316299438477,19.163347828602387,19.163347828602387,1016,164000,16.044696807861328
0.004478388924151644,496.97,0.49423348903656006,0.5057665705680847,496.97,0.5470287203788757,0.00402044765651226,0.9745829002579158,1.1139030542774553,83,500,500.0,0.0007575647905468941,456,456.0,1.7446609735488892,9.295649520071203,9.295649520071203,1020,166000,15.7048921585083
0.005766230877488843,496.87,0.5221871733665466,0.4778127670288086,496.87,0.5666822195053101,0.006749683991074562,0.8928609360631039,0.8542964211530217,84,500,500.0,0.0008770367712713778,397,397.0,1.7778313159942627,12.833280952274054,12.833280952274054,1024,168000,63.37102508544922
0.006065793316811341,496.47,0.5172119736671448,0.4827883243560791,496.47,0.5589295625686646,0.006693992018699646,0.8115432289267586,0.9061548474910884,85,500,500.0,0.0006517927395179868,397,397.0,1.7650818824768066,15.795223961691711,15.795223961691711,1028,170000,109.93522644042969
0.003257601263001675,497.29,0.5019887685775757,0.49801120162010193,497.29,0.558998703956604,0.003347742184996605,0.9646621496844631,0.9730741147275588,86,500,500.0,0.0006659861537627876,397,397.0,1.764652132987976,14.859539023805548,14.859539023805548,1032,172000,23.019886016845703
0.0039699299596250015,497.58,0.49262911081314087,0.5073709487915039,497.58,0.5669198632240295,0.003820454701781273,0.9756597328483577,1.0391249915288974,87,500,500.0,0.0009668525890447199,397,397.0,1.7771700620651245,14.677997138574458,14.677997138574458,1036,174000,14.591609954833984
0.0035371227513536496,497.58,0.525995135307312,0.4740050137042999,497.58,0.5649928450584412,0.003439103811979294,0.9785933782094041,1.0285013028780725,88,500,500.0,0.0006200826610438526,397,397.0,1.775892734527588,14.677997138574458,14.677997138574458,1040,176000,12.99365234375
0.005589144930243428,497.58,0.4919733703136444,0.5080267190933228,497.58,0.5625943541526794,0.0055230772122740746,0.9684051846430178,1.0119621210115495,89,500,500.0,0.0009687991696409881,397,397.0,1.7705379724502563,14.67799713857446,14.67799713857446,1044,178000,20.316694259643555
0.003462809789925636,497.58,0.49589109420776367,0.5041087865829468,497.58,0.5661899447441101,0.003780895611271262,0.9659224544096823,0.9158702450294112,90,500,500.0,0.0007114281761460006,397,397.0,1.776772141456604,14.677997138574462,14.677997138574462,1048,180000,23.247648239135742
0.004469241323880713,497.58,0.509185254573822,0.4908148944377899,497.58,0.556325376033783,0.004456663504242897,0.9496717988779986,1.0028222502385116,91,500,500.0,0.0009654542664065957,397,397.0,1.7607684135437012,14.677997138574462,14.677997138574462,1052,182000,29.785085678100586
0.006928952760993923,497.58,0.47971808910369873,0.520281970500946,497.58,0.5570347309112549,0.007517515681684017,0.9628961261971323,0.9217077894331377,92,500,500.0,0.0008965117740444839,397,397.0,1.7619428634643555,14.677997138574462,14.677997138574462,1056,184000,24.05632209777832
0.008994380898773358,496.92,0.5040993690490723,0.4959007799625397,496.92,0.5562648177146912,0.011016812175512314,0.9004022252727025,0.8164231862612373,93,500,500.0,0.0007832975825294852,397,397.0,1.7610163688659668,15.980413010933106,15.980413010933106,1060,186000,63.6661491394043
0.0061820237487553165,496.92,0.49584633111953735,0.5041537880897522,496.92,0.5495743751525879,0.006173962261527777,0.9811818328892672,1.0013057234375684,94,500,500.0,0.000988659681752324,397,397.0,1.7506201267242432,15.980413010933106,15.980413010933106,1064,188000,13.175338745117188
0.005445458152214991,496.92,0.508119523525238,0.4918803870677948,496.92,0.5526589155197144,0.005624562501907349,0.9810369401285123,0.9681567500349366,95,500,500.0,0.0008377822814509273,397,397.0,1.7558002471923828,15.980413010933106,15.980413010933106,1068,190000,11.26132583618164
0.005402852740139075,496.92,0.4857088625431061,0.5142911672592163,496.92,0.5500190258026123,0.005073342099785805,0.9790554415582593,1.064949422663057,96,500,500.0,0.0006972241681069136,397,397.0,1.750468373298645,15.980413010933106,15.980413010933106,1072,192000,12.315741539001465
0.007566312670707703,496.92,0.5109857320785522,0.4890144169330597,496.92,0.5517755150794983,0.007135854568332434,0.9833861896850966,1.0603232728824885,97,500,500.0,0.0009560183389112353,397,397.0,1.7534438371658325,15.980413010933106,15.980413010933106,1076,194000,9.888729095458984
0.00768466565757997,496.92,0.5133745074272156,0.4866255223751068,496.92,0.5485966205596924,0.007500385399907827,0.9808108120816644,1.0245694384817088,98,500,500.0,0.0008620764128863811,397,397.0,1.74872624874115,15.980413010933106,15.980413010933106,1080,196000,11.159636497497559
0.006699766214937064,497.31,0.5071700811386108,0.4928300678730011,497.31,0.5627689361572266,0.007361398544162512,0.9848263972409098,0.9101213817923073,99,500,500.0,0.0007742172456346452,397,397.0,1.7709077596664429,15.569646752575986,15.569646752575986,1084,198000,8.963507652282715
0.005382233552634119,497.31,0.49553465843200684,0.5044652819633484,497.31,0.5513802170753479,0.005271827336400747,0.9864466025156283,1.0209426844219731,100,500,500.0,0.000987714622169733,397,397.0,1.7531307935714722,15.569646752575986,15.569646752575986,1088,200000,8.123390197753906
0.008583339802920698,494.65,0.4939233362674713,0.5060766339302063,494.65,0.545163631439209,0.011214662343263626,0.7401867356824823,0.7653676535412143,101,500,500.0,0.0008062303531914949,272,272.0,1.7440998554229736,27.482858293852914,27.482858293852914,1094,202000,220.97154235839844
0.005390137232840431,494.65,0.5014954209327698,0.498504638671875,494.65,0.5468273162841797,0.005238331854343414,0.9781705597885855,1.0289797177265785,102,500,500.0,0.0006516885478049517,272,272.0,1.7457568645477295,27.48285829385291,27.48285829385291,1098,204000,38.60479736328125
0.004424148499965641,494.65,0.5098445415496826,0.4901554584503174,494.65,0.5528692603111267,0.00437263585627079,0.993249602915188,1.011780684554598,103,500,500.0,0.0009282890241593122,272,272.0,1.7555664777755737,27.48285829385291,27.48285829385291,1102,206000,4.192607402801514
0.005202486705034981,494.65,0.49840229749679565,0.5015977025032043,494.65,0.542923629283905,0.005566158331930637,0.9950748763793227,0.9346638012775472,104,500,500.0,0.0009039679425768554,272,272.0,1.7396234273910522,27.48285829385291,27.48285829385291,1106,208000,2.9594850540161133
0.00950697667896705,494.44,0.5085816979408264,0.4914180338382721,494.44,0.5601915121078491,0.011600371450185776,0.9816565491867542,0.8195407121049386,105,500,500.0,0.000829627038910985,272,272.0,1.7667701244354248,27.521380779314107,27.521380779314107,1110,210000,12.3646821975708
0.003122920691966513,494.44,0.4942605495452881,0.5057395100593567,494.44,0.5463001132011414,0.003430652432143688,0.9911448283370903,0.9102993537631894,106,500,500.0,0.0007630709442310035,272,272.0,1.7447569370269775,27.521380779314107,27.521380779314107,1114,212000,6.621574401855469
0.0036989552397281855,494.44,0.4979493021965027,0.5020506381988525,494.44,0.5574584007263184,0.0038043044041842222,0.9957354843732485,0.9723079035578313,107,500,500.0,0.0009461788577027619,272,272.0,1.762082576751709,27.521380779314107,27.521380779314107,1118,214000,2.571523427963257
0.004199155249283493,495.47,0.5064022541046143,0.4935978055000305,495.47,0.5488547682762146,0.0038210186176002026,0.9947080690813379,1.0989622583730774,108,500,500.0,0.0009454136015847325,272,272.0,1.7490025758743286,25.72409570810994,25.72409570810994,1122,216000,3.16971755027771
0.004841082307277311,495.47,0.502811074256897,0.49718883633613586,495.47,0.5443062782287598,0.0042160704731941225,0.9954179329491392,1.1482451107155416,109,500,500.0,0.0007588338921777904,272,272.0,1.741652488708496,25.72409570810994,25.72409570810994,1126,218000,2.745924949645996
0.006313926593400687,496.47,0.5130358934402466,0.48696428537368774,496.47,0.5484228134155273,0.0064139533787965775,0.9954634113078868,0.9844048156435684,110,500,500.0,0.0009778906824067235,272,272.0,1.7484097480773926,23.870255549532768,23.870255549532768,1130,220000,2.7210116386413574
0.005356727104634196,496.47,0.5111949443817139,0.4888051152229309,496.47,0.5463077425956726,0.005404602270573378,0.9959435141284763,0.9911417781471452,111,500,500.0,0.0008159127901308239,272,272.0,1.745200753211975,23.870255549532768,23.870255549532768,1134,222000,2.4992640018463135
0.00684618728980424,496.47,0.4892944097518921,0.5107056498527527,496.47,0.5402994751930237,0.007911156862974167,0.9953128668738749,0.8653838380889396,112,500,500.0,0.0007560054073110223,272,272.0,1.7362332344055176,23.870255549532764,23.870255549532764,1138,224000,2.784722089767456
0.007463076658547063,496.47,0.5075532793998718,0.49244681000709534,496.47,0.536579430103302,0.0071451072581112385,0.9951591356507843,1.044501697308303,113,500,500.0,0.000945467792917043,272,272.0,1.7306259870529175,23.870255549532764,23.870255549532764,1142,226000,2.951852321624756
0.0038001279919406272,496.47,0.5026630759239197,0.4973369836807251,496.47,0.5574619770050049,0.003899640589952469,0.9968930400872318,0.974481597543056,114,500,500.0,0.0006398262339644134,272,272.0,1.76389479637146,23.870255549532764,23.870255549532764,1146,228000,1.9038947820663452
0.00445756766200045,496.47,0.49918660521507263,0.500813364982605,496.47,0.5615898370742798,0.004568516276776791,0.9968107256456423,0.9757145191010204,115,500,500.0,0.0009829018963500857,272,272.0,1.769909381866455,23.870255549532764,23.870255549532764,1150,230000,1.9144855737686157
0.008450514572585277,496.47,0.5036211609840393,0.4963787794113159,496.47,0.555227518081665,0.010313190519809723,0.9966316120074019,0.8193889714684712,116,500,500.0,0.0008698116871528327,272,272.0,1.7592365741729736,23.870255549532764,23.870255549532764,1154,232000,2.032611846923828
0.005779207885265425,496.47,0.5023136734962463,0.49768632650375366,496.47,0.5370967984199524,0.005689654499292374,0.9970448111003628,1.0157396878816085,117,500,500.0,0.0006498473812825978,272,272.0,1.7305504083633423,23.870255549532764,23.870255549532764,1158,234000,1.8309340476989746
0.007591651994735216,497.13,0.4818362891674042,0.5181639194488525,497.13,0.5472486019134521,0.007971294224262238,0.997537433273739,0.9523738280326545,118,500,500.0,0.0009345233556814492,272,272.0,1.7469103336334229,23.03156746728282,23.03156746728282,1162,236000,1.4810278415679932
0.004046216037124406,497.13,0.5104926228523254,0.48950743675231934,497.13,0.543340265750885,0.004191536456346512,0.9970098129506173,0.9653300357194622,119,500,500.0,0.0008679985767230392,272,272.0,1.740451693534851,23.03156746728282,23.03156746728282,1166,238000,1.7989076375961304
0.0044231395758691505,497.13,0.48969945311546326,0.5103003978729248,497.13,0.5372014045715332,0.004606523551046848,0.9968815729876457,0.9601903749876578,120,500,500.0,0.0009692710591480136,272,272.0,1.7304710149765015,23.03156746728282,23.03156746728282,1170,240000,1.8703337907791138
0.008419035986065637,493.0,0.49923139810562134,0.5007686018943787,493.0,0.5381051898002625,0.009462036192417145,0.7177152679542851,0.889770004559128,121,500,500.0,0.000925150525290519,88,88.0,1.7321158647537231,46.766868614436866,46.766868614436866,1175,242000,202.78431701660156
0.0037926879040881545,493.0,0.4773648679256439,0.5226352214813232,493.0,0.5382013320922852,0.003629434108734131,0.9667245505080341,1.044980509485255,122,500,500.0,0.0006345719448290765,88,88.0,1.7323049306869507,46.766868614436866,46.766868614436866,1179,244000,24.734718322753906
0.006305085524916654,489.07,0.5059223175048828,0.49407759308815,489.07,0.5410102605819702,0.006952896248549223,0.7276681737022832,0.9068286508995815,123,500,500.0,0.0008952889475040138,88,88.0,1.7373582124710083,60.50756233728145,60.50756233728145,1183,246000,165.18482971191406
0.002892803145572387,489.07,0.5022478699684143,0.4977521598339081,489.07,0.5371882915496826,0.0032850170973688364,0.9738707789099037,0.8806052022954167,124,500,500.0,0.0008139311685226858,88,88.0,1.7309695482254028,60.50756233728145,60.50756233728145,1187,248000,17.86103630065918
0.00441866455599671,489.07,0.5044997334480286,0.49550023674964905,489.07,0.53765869140625,0.004243090003728867,0.9918335308353022,1.041378936603642,125,500,500.0,0.000653955910820514,88,88.0,1.73171067237854,60.50756233728145,60.50756233728145,1191,250000,5.0169453620910645
0.009881809409707287,487.94,0.48545023798942566,0.5145496726036072,487.94,0.5308449268341064,0.012628266587853432,0.7941172937575687,0.7825151093351292,126,500,500.0,0.0008986040484160185,88,88.0,1.7208689451217651,67.35960510573084,67.35960510573084,1195,252000,126.02054595947266
0.005369924839586204,487.94,0.5040233135223389,0.4959767162799835,487.94,0.5276525616645813,0.005016735941171646,0.987391902953547,1.0704021305000302,127,500,500.0,0.0006525703356601298,88,88.0,1.7163777351379395,67.35960510573084,67.35960510573084,1199,254000,10.116467475891113
0.00529438774008284,487.94,0.5010829567909241,0.49891701340675354,487.94,0.5455542802810669,0.0052888160571455956,0.9960508092997277,1.0010534839701442,128,500,500.0,0.000973257701843977,88,88.0,1.7441425323486328,67.35960510573084,67.35960510573084,1203,256000,2.4193642139434814
0.0073859206661581744,483.72,0.4956817924976349,0.5043180584907532,483.72,0.5340301990509033,0.009047807008028031,0.7309855207176694,0.8163216412114802,129,500,500.0,0.0006685373373329639,78,78.0,1.7261180877685547,78.73094436115954,78.73094436115954,1208,258000,192.54132080078125
0.004661324366927122,475.69,0.5035481452941895,0.49645182490348816,475.69,0.5321130752563477,0.004820759873837233,0.5899209248043984,0.9669273079177032,130,500,500.0,0.0009481486049480736,78,78.0,1.7229984998703003,96.24663059037444,96.24663059037444,1213,260000,279.11834716796875
0.0035472848461957085,475.69,0.5012980103492737,0.49870193004608154,475.69,0.5287553668022156,0.0037881042808294296,0.9220336494454848,0.9364274537392112,131,500,500.0,0.0008811835432425141,78,78.0,1.7175548076629639,96.24663059037444,96.24663059037444,1217,262000,59.5546760559082
0.005016631092876089,475.69,0.4961496591567993,0.5038503408432007,475.69,0.5347937941551208,0.005048959515988827,0.9851841900956979,0.993597012808211,132,500,500.0,0.0009119871538132429,78,78.0,1.727462649345398,96.24663059037444,96.24663059037444,1221,264000,9.001185417175293
0.004614409975707501,475.69,0.5032275319099426,0.49677231907844543,475.69,0.5248343348503113,0.0047195544466376305,0.992056099324554,0.9777215260213731,133,500,500.0,0.0009417390683665872,78,78.0,1.711793065071106,96.24663059037444,96.24663059037444,1225,266000,4.79091215133667
0.0035976426452402066,475.69,0.5131811499595642,0.48681870102882385,475.69,0.5334247350692749,0.0035853656008839607,0.9943848242570696,1.0034242098917943,134,500,500.0,0.0009573387214913964,78,78.0,1.725595474243164,96.24663059037444,96.24663059037444,1229,268000,3.374797821044922
0.005300730906426798,475.69,0.5030514001846313,0.49694862961769104,475.69,0.5227630734443665,0.006309203803539276,0.9961411303850339,0.8401584528705897,135,500,500.0,0.0008738263277336955,78,78.0,1.7087910175323486,96.24663059037444,96.24663059037444,1233,270000,2.325500726699829
0.0029946780633181014,475.69,0.5076721906661987,0.4923277497291565,475.69,0.5207369923591614,0.0026336546987295152,0.9971414813004653,1.1370807512324015,136,500,500.0,0.000735632493160665,78,78.0,1.7058974504470825,96.24663059037444,96.24663059037444,1237,272000,1.7434438467025757
0.003917635574936851,475.69,0.5041196346282959,0.49588027596473694,475.69,0.5300714373588562,0.00402882881462574,0.9971177037820943,0.9724006045416406,137,500,500.0,0.000964595063123852,78,78.0,1.7201467752456665,96.24663059037444,96.24663059037444,1241,274000,1.7402565479278564
0.005144498392939401,475.69,0.49450021982192993,0.5054997801780701,475.69,0.5303269028663635,0.004702492430806161,0.9972633996690544,1.0939939763087434,138,500,500.0,0.0008374604512937367,78,78.0,1.7204487323760986,96.24663059037444,96.24663059037444,1245,276000,1.6515733003616333
0.0057051852159197836,475.69,0.500828742980957,0.49917128682136536,475.69,0.527048647403717,0.00606337608769536,0.9973634168839026,0.9409255064183686,139,500,500.0,0.000845652015414089,78,78.0,1.715384840965271,96.24663059037444,96.24663059037444,1249,278000,1.5906691551208496
0.01226443060487492,471.57,0.5131909847259521,0.48680904507637024,471.57,0.5394362211227417,0.016148511320352554,0.7316022877368917,0.7594774751414772,140,500,500.0,0.0009959053713828325,78,78.0,1.7347590923309326,103.65117027800507,103.65117027800507,1254,280000,196.95480346679688
0.00467005471326587,471.57,0.5165948271751404,0.48340535163879395,471.57,0.5380723476409912,0.005004432052373886,0.9741219131861895,0.9331837587944866,141,500,500.0,0.0008585426839999855,78,78.0,1.732194185256958,103.65117027800508,103.65117027800508,1258,282000,20.644893646240234
0.004729803513734865,471.57,0.49720945954322815,0.5027904510498047,471.57,0.5243027210235596,0.004619162064045668,0.9945351940309755,1.0239527100705994,142,500,500.0,0.0008748523541726172,78,78.0,1.7106537818908691,103.65117027800508,103.65117027800508,1262,284000,3.3262012004852295
0.00648565793782474,471.57,0.506237268447876,0.49376270174980164,471.57,0.5238887667655945,0.005725167691707611,0.9973348366578232,1.132832833389078,143,500,500.0,0.0008140026475302875,78,78.0,1.709968090057373,103.65117027800508,103.65117027800508,1266,286000,1.6070314645767212
0.005740625601261762,471.57,0.4959333837032318,0.5040667057037354,471.57,0.5224050879478455,0.0057497106492519386,0.9981867657069105,0.9984199121409076,144,500,500.0,0.0006429683417081833,78,78.0,1.7076005935668945,103.6511702780051,103.6511702780051,1270,288000,1.0951615571975708
0.00427374954149129,471.58,0.5099714398384094,0.4900285601615906,471.58,0.5266739130020142,0.004200011026114225,0.9980962051350374,1.0175567432843826,145,500,500.0,0.0009960399474948645,78,78.0,1.7132929563522339,103.65386437562282,103.65386437562282,1274,290000,1.1451231241226196
0.0066666037403047,475.7,0.4828898310661316,0.5171100497245789,475.7,0.5233515501022339,0.0075998068787157536,0.9985020345870672,0.8772069931112841,146,500,500.0,0.0008036821964196861,78,78.0,1.7094268798828125,96.24910389193239,96.24910389193239,1278,292000,0.899107813835144
0.013320246264338476,479.0,0.481683611869812,0.5183161497116089,479.0,0.5164906978607178,0.022712478414177895,0.9321150513955642,0.5864725998384892,147,500,500.0,0.0008370053255930543,78,78.0,1.6987735033035278,88.9301973460084,88.9301973460084,1282,294000,42.43471145629883
0.0038340029772374606,479.0,0.5025438070297241,0.49745628237724304,479.0,0.5273811221122742,0.004667344503104687,0.9914772985664905,0.8214527499924437,148,500,500.0,0.0007673015352338552,78,78.0,1.7156288623809814,88.9301973460084,88.9301973460084,1286,296000,6.603909015655518
0.00474565547052741,479.0,0.4854365885257721,0.5145633816719055,479.0,0.5200917720794678,0.004514277726411819,0.997691444564606,1.051254654263264,149,500,500.0,0.0006576048908755183,78,78.0,1.7039216756820679,88.9301973460084,88.9301973460084,1290,298000,1.414022445678711
0.002835221754386996,482.79,0.4985015094280243,0.5014985203742981,482.79,0.5250397324562073,0.0030365316197276115,0.9982259209228835,0.9337040115002413,150,500,500.0,0.0008865861454978585,78,78.0,1.7117043733596802,81.34485785837974,81.34485785837974,1294,300000,1.0627833604812622
0.005974629434756906,482.79,0.49086251854896545,0.5091373324394226,482.79,0.5233591198921204,0.0052886903285980225,0.9987252857126783,1.1296992380986541,151,500,500.0,0.0007203500717878342,78,78.0,1.7093325853347778,81.34485785837974,81.34485785837974,1298,302000,0.7871337532997131
0.002132169486954716,482.79,0.49395641684532166,0.5060436129570007,482.79,0.5212996602058411,0.0021994388662278652,0.9985480484704196,0.9694152084397238,152,500,500.0,0.0008389517315663397,78,78.0,1.7064688205718994,81.34485785837974,81.34485785837974,1302,304000,0.8755825757980347
0.005498063255101441,487.01,0.48838648200035095,0.5116136074066162,487.01,0.5161030292510986,0.004589727520942688,0.9987273608829716,1.1979062438922712,153,500,500.0,0.000776279775891453,84,84.0,1.6985595226287842,70.45274941405764,70.45274941405764,1306,306000,0.7711654901504517
0.0041371060535311255,491.09,0.5061982274055481,0.4938018023967743,491.09,0.5247631669044495,0.004237113893032074,0.9986510809502771,0.9763971793004168,154,500,500.0,0.000683373014908284,84,84.0,1.712335228919983,58.20912213734203,58.20912213734203,1310,308000,0.809464156627655
0.009848043188451783,491.33,0.4938770532608032,0.5061230063438416,491.33,0.5135738253593445,0.012005818076431751,0.7120219629094828,0.8202725649978131,155,500,500.0,0.0009346353472210467,88,88.0,1.694355845451355,56.55617649735525,56.55617649735525,1315,310000,207.4468536376953
0.005185443673283885,491.33,0.5205047726631165,0.4794955253601074,491.33,0.5174753069877625,0.0044879550114274025,0.9757664273502575,1.155413470072786,156,500,500.0,0.0008888816810213029,88,88.0,1.7001069784164429,56.55617649735525,56.55617649735525,1319,312000,21.004615783691406
0.004937388342339588,491.33,0.5057929158210754,0.49420711398124695,491.33,0.5150436162948608,0.004563552141189575,0.9973353241582111,1.081917810859627,157,500,500.0,0.0006906580529175699,88,88.0,1.697163462638855,56.55617649735525,56.55617649735525,1323,314000,1.6028361320495605
0.002870117045938869,491.33,0.5076011419296265,0.49239879846572876,491.33,0.5199669003486633,0.0027099743485450747,0.9984634079381115,1.059093805622098,158,500,500.0,0.0006653566961176693,88,88.0,1.7040531635284424,56.55617649735525,56.55617649735525,1327,316000,0.9291204214096069
0.005164203938096773,491.33,0.5026324391365051,0.4973675608634949,491.33,0.5152596235275269,0.0059419479221105576,0.9988459340813133,0.8691095926438998,159,500,500.0,0.0007909838459454477,88,88.0,1.696794867515564,56.55617649735525,56.55617649735525,1331,318000,0.7074884176254272
0.0052149522677064075,491.33,0.49544987082481384,0.504550039768219,491.33,0.49491170048713684,0.00573110394179821,0.9988134802184179,0.909938525049704,160,500,500.0,0.0006639861385338008,88,88.0,1.6661649942398071,56.55617649735525,56.55617649735525,1335,320000,0.7127796411514282
0.003763588394969375,491.33,0.47747525572776794,0.5225249528884888,491.33,0.513332188129425,0.004222341813147068,0.9989555349090801,0.8913509520358402,161,500,500.0,0.0008642782922834158,88,88.0,1.6940958499908447,56.556176497355246,56.556176497355246,1339,322000,0.6303531527519226
0.003884170178324098,491.33,0.4925561249256134,0.507443904876709,491.33,0.49944281578063965,0.004244426265358925,0.9987618050402733,0.9151225478988589,162,500,500.0,0.0007941029034554958,88,88.0,1.6730166673660278,56.556176497355246,56.556176497355246,1343,324000,0.7389011383056641
0.004087938327342222,491.33,0.5013028383255005,0.4986971318721771,491.33,0.4889426827430725,0.0044022900983691216,0.998997164974037,0.9285935810674188,163,500,500.0,0.000812914629932493,88,88.0,1.6567355394363403,56.556176497355246,56.556176497355246,1347,326000,0.6075060367584229
0.006145729273557665,491.33,0.4952589273452759,0.5047410726547241,491.33,0.5012159943580627,0.006807378027588129,0.9988492755906874,0.9028041705119044,164,500,500.0,0.0007736979750916362,88,88.0,1.6736574172973633,56.556176497355246,56.556176497355246,1351,328000,0.6961398720741272
0.0058340092971920915,495.45,0.4963381290435791,0.5036618709564209,495.45,0.5082298517227173,0.006618730258196592,0.9992048715983237,0.8814393500879255,165,500,500.0,0.0007473425939679146,108,108.0,1.6860765218734741,39.44144393908521,39.44144393908521,1355,330000,0.48783978819847107
0.005381127972155841,495.45,0.5139625072479248,0.4860374629497528,495.45,0.4944058656692505,0.0052920253947377205,0.9990638529253125,1.0168371409378956,166,500,500.0,0.0009348498424515128,108,108.0,1.6661434173583984,39.44144393908521,39.44144393908521,1359,332000,0.5627270936965942
0.012027305327354298,494.87,0.511368453502655,0.4886314868927002,494.87,0.5017489790916443,0.01745147630572319,0.9293007072938315,0.6891855517925414,167,500,500.0,0.0009027069318108261,108,108.0,1.67612624168396,39.795139150403784,39.795139150403784,1363,334000,47.245880126953125
0.0036657197810709974,494.87,0.47357720136642456,0.526422917842865,494.87,0.4993513524532318,0.0038672611117362976,0.9934102919433245,0.947885253971172,168,500,500.0,0.000674054550472647,108,108.0,1.6720285415649414,39.795139150403784,39.795139150403784,1367,336000,6.7914042472839355
0.004769621111452571,494.87,0.4995996654033661,0.5004002451896667,494.87,0.507484495639801,0.0037831671535968783,0.9985651689392331,1.2607481820933588,169,500,500.0,0.0008179992437362671,108,108.0,1.6851744651794434,39.795139150403784,39.795139150403784,1371,338000,0.9640530943870544
0.005448179505766149,494.87,0.498662531375885,0.5013373494148254,494.87,0.5105618834495544,0.005877593532204628,0.9991286599490884,0.9269405031012053,170,500,500.0,0.000876831472851336,108,108.0,1.6897186040878296,39.795139150403784,39.795139150403784,1375,340000,0.5430182218551636
0.007023285340517771,494.87,0.5074604749679565,0.4925396144390106,494.87,0.509423017501831,0.0066820204257965095,0.9992067512005615,1.0510721148657043,171,500,500.0,0.0006905367481522262,108,108.0,1.6878176927566528,39.795139150403784,39.795139150403784,1379,342000,0.473842978477478
0.00637202037870882,495.5,0.4966999590396881,0.5032999515533447,495.5,0.5066530704498291,0.011523466557264328,0.9993284584892342,0.5529603741238729,172,500,500.0,0.0007594930357299745,108,108.0,1.683951735496521,39.37042036859652,39.37042036859652,1383,344000,0.4017851948738098
0.005888242214918134,495.5,0.5038225054740906,0.4961775541305542,495.5,0.49710404872894287,0.005592118017375469,0.9992856748702181,1.0529538533740823,173,500,500.0,0.000927574175875634,108,108.0,1.6693155765533447,39.37042036859652,39.37042036859652,1387,346000,0.4277864992618561
0.004996595423668622,495.5,0.48868247866630554,0.5113175511360168,495.5,0.4964451193809509,0.005534877069294453,0.9993180494694188,0.902747316898504,174,500,500.0,0.0007657353999093175,108,108.0,1.668940782546997,39.37042036859652,39.37042036859652,1391,348000,0.4086187779903412
0.005669099185615867,495.5,0.5019229054450989,0.4980771839618683,495.5,0.4899912476539612,0.00594597402960062,0.9993308738389143,0.9534349052642346,175,500,500.0,0.0008889298187568784,108,108.0,1.6588679552078247,39.37042036859652,39.37042036859652,1395,350000,0.401286244392395
0.007724745016545853,495.26,0.4861868917942047,0.5138132572174072,495.26,0.49268606305122375,0.008979392051696778,0.9839348997689096,0.8602748350971219,176,500,500.0,0.0006993039278313518,108,108.0,1.6635068655014038,39.41538278388275,39.41538278388275,1399,352000,10.511211395263672
0.006231170773506989,495.26,0.4942605495452881,0.5057394504547119,495.26,0.49860987067222595,0.0064113931730389595,0.9973544839016985,0.9718902905081789,177,500,500.0,0.0009245129185728729,108,108.0,1.6720277070999146,39.41538278388275,39.41538278388275,1403,354000,2.0459821224212646
0.005334273111075261,495.26,0.48001277446746826,0.519987165927887,495.26,0.5112252831459045,0.0056687528267502785,0.9991617459480464,0.9409958899430856,178,500,500.0,0.0008079325780272484,108,108.0,1.6911481618881226,39.41538278388275,39.41538278388275,1407,356000,0.5122800469398499
0.006539699915796504,495.26,0.5034888982772827,0.4965110719203949,495.26,0.49909907579421997,0.006781659554690123,0.9990956210625247,0.9643214707340652,179,500,500.0,0.000885763845872134,108,108.0,1.673134684562683,39.41538278388275,39.41538278388275,1411,358000,0.576719343662262
0.006308655239641858,499.18,0.5000936388969421,0.49990642070770264,499.18,0.5131856203079224,0.006429375149309635,0.9992817086969326,0.9812236948592524,180,500,500.0,0.0009451070800423622,442,442.0,1.6943767070770264,6.223150327607392,6.223150327607392,1415,360000,0.4402558505535126
0.008116286866366895,499.18,0.5071057677268982,0.4928940236568451,499.18,0.5046759247779846,0.00920097716152668,0.9994009959923248,0.8821114022872103,181,500,500.0,0.0008423055405728519,442,442.0,1.681764006614685,6.223150327607392,6.223150327607392,1419,362000,0.3585675060749054
0.010032964106649,499.18,0.509323000907898,0.4906770884990692,499.18,0.49445444345474243,0.007767196279019117,0.9992881403442851,1.2917098713921025,182,500,500.0,0.0009403600706718862,442,442.0,1.6664568185806274,6.223150327607392,6.223150327607392,1423,364000,0.42754292488098145
0.004569410856813172,499.18,0.5233246088027954,0.47667568922042847,499.18,0.5112552046775818,0.004761694464832544,0.9994838029943792,0.9596186589795962,183,500,500.0,0.0009111756226047873,442,442.0,1.6909668445587158,6.223150327607392,6.223150327607392,1427,366000,0.31087517738342285
0.00700188508629801,499.18,0.5069628953933716,0.49303704500198364,499.18,0.4919854998588562,0.009635905735194683,0.9995310672905561,0.7266452452646938,184,500,500.0,0.0007036950555630028,442,442.0,1.6616328954696655,6.223150327607392,6.223150327607392,1431,368000,0.28495243191719055
0.005332791335880938,499.18,0.4999748170375824,0.50002521276474,499.18,0.4857557415962219,0.004088952392339707,0.9994545731293093,1.3041950172546528,185,500,500.0,0.0006980442558415234,442,442.0,1.6524125337600708,6.223150327607392,6.223150327607392,1435,370000,0.3297782838344574
0.0026713278498498028,499.18,0.4961799681186676,0.5038198828697205,499.18,0.5043838024139404,0.0025242390111088753,0.9995347405183366,1.0582705671268082,186,500,500.0,0.0009529691305942833,442,442.0,1.680579423904419,6.223150327607392,6.223150327607392,1439,372000,0.28141963481903076
0.003133725687861466,499.18,0.49362003803253174,0.5063799619674683,499.18,0.4988248944282532,0.002952294424176216,0.9995530778685168,1.0614543258963323,187,500,500.0,0.0006497870199382305,442,442.0,1.6720325946807861,6.223150327607392,6.223150327607392,1443,374000,0.2685452103614807
0.0035996012873944494,499.18,0.4880356192588806,0.5119643211364746,499.18,0.49650755524635315,0.00367945758625865,0.999562579520303,0.9782967198310879,188,500,500.0,0.0009027431951835752,442,442.0,1.6685240268707275,6.223150327607392,6.223150327607392,1447,376000,0.26449480652809143
0.004709297239780419,499.18,0.490375280380249,0.509624719619751,499.18,0.491180956363678,0.0044795781373977665,0.9996362280630248,1.0512814143065934,189,500,500.0,0.0006688645808026195,442,442.0,1.6603641510009766,6.223150327607392,6.223150327607392,1451,378000,0.21861505508422852
0.004497190978378085,499.18,0.48081710934638977,0.5191830396652222,499.18,0.48863163590431213,0.0057210312224924564,0.9995984456469461,0.7860804815567523,190,500,500.0,0.000728841230738908,442,442.0,1.6571085453033447,6.223150327607392,6.223150327607392,1455,380000,0.24042344093322754
0.007261076133698224,499.18,0.5033040642738342,0.49669596552848816,499.18,0.49003809690475464,0.010850602760910988,0.9995925389218416,0.6691864308088082,191,500,500.0,0.0006632346194237471,442,442.0,1.6589937210083008,6.223150327607392,6.223150327607392,1459,382000,0.24470214545726776
0.002260354781523366,499.76,0.5097141861915588,0.4902856945991516,499.76,0.48661646246910095,0.002454131143167615,0.999578203109995,0.9210407470750986,192,500,500.0,0.0008000386878848076,476,476.0,1.6541407108306885,2.3879698490558874,2.3879698490558874,1463,384000,0.25257882475852966
0.0037560933548954623,499.76,0.50248122215271,0.49751877784729004,499.76,0.49941694736480713,0.0034297090023756027,0.9996425574629786,1.0951638615094714,193,500,500.0,0.0007323051686398685,476,476.0,1.6725273132324219,2.3879698490558874,2.3879698490558874,1467,386000,0.21508723497390747
0.0038637922499328847,499.76,0.5144996047019958,0.4855004549026489,499.76,0.4932440221309662,0.004128607455641031,0.9997304428827717,0.93585846836896,194,500,500.0,0.0008705495856702328,476,476.0,1.6637622117996216,2.3879698490558874,2.3879698490558874,1471,388000,0.16121505200862885
0.003626223487779523,499.76,0.5062975883483887,0.4937024414539337,499.76,0.4922339618206024,0.0033537600189447406,0.9996832447352867,1.0812411941509497,195,500,500.0,0.0006630359566770494,476,476.0,1.662239909172058,2.387969849055887,2.387969849055887,1475,390000,0.19121867418289185
0.004104329794645256,499.76,0.5079702734947205,0.49202969670295715,499.76,0.49128592014312744,0.0038188941776752475,0.9996670131158063,1.0747430024740219,196,500,500.0,0.0006282716058194637,476,476.0,1.6604974269866943,2.387969849055887,2.387969849055887,1479,392000,0.1993333101272583
0.006238423462956888,499.76,0.5084246397018433,0.49157530069351196,499.76,0.4905301332473755,0.007204503286629915,0.9996651066312345,0.8659061165998947,197,500,500.0,0.000837623025290668,476,476.0,1.6600614786148071,2.387969849055887,2.387969849055887,1483,394000,0.2080453783273697
0.003839318705722683,499.76,0.4861661493778229,0.5138338804244995,499.76,0.49021482467651367,0.004122115671634674,0.9996309254372182,0.9313951891602681,198,500,500.0,0.0009209146373905241,476,476.0,1.6589670181274414,2.387969849055887,2.387969849055887,1487,396000,0.23920775949954987
0.003679262485355217,499.76,0.49013128876686096,0.5098687410354614,499.76,0.4966054856777191,0.003884822828695178,0.9997065850210703,0.9470863016399118,199,500,500.0,0.000867201539222151,476,476.0,1.6680485010147095,2.387969849055887,2.387969849055887,1491,398000,0.17578954994678497
0.005028136275708306,499.76,0.49763527512550354,0.5023645758628845,499.76,0.4784465432167053,0.005173652898520231,0.999703749560183,0.9718735242455971,200,500,500.0,0.0009346820297650993,476,476.0,1.6410008668899536,2.387969849055887,2.387969849055887,1495,400000,0.18700827658176422
0.0018445213465021482,500.0,0.5163509249687195,0.48364901542663574,500.0,0.4898570477962494,0.0019817918539047244,0.999704335492238,0.9307341448941209,201,500,500.0,0.0006460284348577261,500,500.0,1.6579546928405762,0.0,0.0,1499,402000,0.18345655500888824
0.010058677300810892,500.0,0.5096020698547363,0.49039801955223083,500.0,0.48099687695503235,0.011868486180901527,0.9997438267985184,0.847511396777549,202,500,500.0,0.0009688565623946488,500,500.0,1.6448891162872314,0.0,0.0,1503,404000,0.15355385839939117
0.005062049176543959,500.0,0.5070770382881165,0.49292296171188354,500.0,0.4865441918373108,0.0050108894705772405,0.9997032548111533,1.0102097055357369,203,500,500.0,0.000679328921250999,500,500.0,1.6529797315597534,0.0,0.0,1507,406000,0.17955559492111206
0.0054792031720280465,500.0,0.5212728381156921,0.4787268340587616,500.0,0.48009076714515686,0.005968852899968624,0.999766559713427,0.9179658577373968,204,500,500.0,0.0008512906497344375,500,500.0,1.6435325145721436,0.0,0.0,1511,408000,0.13971473276615143
0.004120323091745481,500.0,0.49210771918296814,0.5078923106193542,500.0,0.4850279688835144,0.005918947514146566,0.9997443579033884,0.6961242825515369,205,500,500.0,0.000551142729818821,500,500.0,1.6509723663330078,0.0,0.0,1515,410000,0.1532287895679474
0.002983141476288864,500.0,0.5073506832122803,0.49264922738075256,500.0,0.471625953912735,0.0028309069573879244,0.999742886523171,1.0537758821439354,206,500,500.0,0.0006945389322936535,500,500.0,1.631064534187317,0.0,0.0,1519,412000,0.1540578156709671
0.004107399903237718,500.0,0.5034898519515991,0.49651020765304565,500.0,0.4787311255931854,0.00380515456199646,0.9997827418612802,1.0794305031022653,207,500,500.0,0.0006842385628260672,500,500.0,1.6417129039764404,0.0,0.0,1523,414000,0.13012228906154633
0.004603304877877079,500.0,0.5005088448524475,0.49949121475219727,500.0,0.4759238362312317,0.004536245763301849,0.99974917503236,1.0147829544681501,208,500,500.0,0.000651865266263485,500,500.0,1.636892318725586,0.0,0.0,1527,416000,0.15216968953609467
0.002916516985744133,500.0,0.5013697147369385,0.4986303150653839,500.0,0.48274651169776917,0.0025547716766595842,0.9998212277642572,1.1415959447137516,209,500,500.0,0.0008385582477785647,500,500.0,1.6471785306930542,0.0,0.0,1531,418000,0.1088113784790039
0.0026277874708173776,500.0,0.5111039280891418,0.4888960123062134,500.0,0.4818689525127411,0.0027932680677622557,0.9998010381667572,0.940757351986826,210,500,500.0,0.0009246080880984664,500,500.0,1.6460809707641602,0.0,0.0,1535,420000,0.12041723728179932
0.005342045322991873,500.0,0.49296900629997253,0.5070309638977051,500.0,0.47708001732826233,0.005094143003225327,0.9997962598795378,1.0486641854399432,211,500,500.0,0.0006491785170510411,500,500.0,1.638757348060608,0.0,0.0,1539,422000,0.12482071667909622
0.005634733118116797,500.0,0.49639201164245605,0.5036081671714783,500.0,0.4768407940864563,0.0048959567211568356,0.9998148638970412,1.1508952057863373,212,500,500.0,0.0009303296101279557,500,500.0,1.6390622854232788,0.0,0.0,1543,424000,0.11127689480781555
0.0023441464174540627,500.0,0.4900800883769989,0.5099199414253235,500.0,0.4939161241054535,0.002505306154489517,0.9998308608467347,0.9356726375550327,213,500,500.0,0.0007657837122678757,500,500.0,1.664428472518921,0.0,0.0,1547,426000,0.10151151567697525
0.0033088798429816713,500.0,0.5110981464385986,0.48890170454978943,500.0,0.49199753999710083,0.004062310792505741,0.9998611395512699,0.814531435922131,214,500,500.0,0.0008868852164596319,500,500.0,1.6616097688674927,0.0,0.0,1551,428000,0.08312200754880905
0.0020299530308691693,500.0,0.48438093066215515,0.5156190395355225,500.0,0.48834317922592163,0.0024689517449587584,0.9998662532442223,0.8221922664199651,215,500,500.0,0.000804358918685466,500,500.0,1.6562743186950684,0.0,0.0,1555,430000,0.08010990172624588
0.0032122222464532335,500.0,0.49645087122917175,0.5035490989685059,500.0,0.49050959944725037,0.0031479722820222378,0.9998644785412706,1.0204099523994925,216,500,500.0,0.0008088802569545805,500,500.0,1.6595265865325928,0.0,0.0,1559,432000,0.08116059750318527
0.00398915319517279,500.0,0.5004158020019531,0.49958422780036926,500.0,0.4995178282260895,0.004141215234994888,0.9998759281715551,0.9632808170565214,217,500,500.0,0.0008680512546561658,500,500.0,1.67300283908844,0.0,0.0,1563,434000,0.07468642294406891
0.0023935685735194667,500.0,0.509304404258728,0.4906957447528839,500.0,0.4897277355194092,0.002691500587388873,0.9998825940602231,0.8893063537621437,218,500,500.0,0.0007781776948831975,500,500.0,1.6577906608581543,0.0,0.0,1567,436000,0.07030060887336731
0.009155509523232519,500.0,0.5046769976615906,0.4953230619430542,500.0,0.4865255653858185,0.009232161566615105,0.9998933534508575,0.9916972809856609,219,500,500.0,0.00093935860786587,500,500.0,1.6528184413909912,0.0,0.0,1571,438000,0.06385821849107742
0.006199500869959573,500.0,0.5139232277870178,0.4860767424106598,500.0,0.48263484239578247,0.007034854963421822,0.9999051387325564,0.8812549657660712,220,500,500.0,0.0007945187971927226,500,500.0,1.647634506225586,0.0,0.0,1575,440000,0.05675943195819855
0.004042855918407362,500.0,0.5126951336860657,0.4873047173023224,500.0,0.4840744733810425,0.003961777314543724,0.9998983747208737,1.0204652097850118,221,500,500.0,0.0009104673517867923,500,500.0,1.6494417190551758,0.0,0.0,1579,442000,0.06094575673341751
0.004134484780952352,500.0,0.4954822063446045,0.5045179128646851,500.0,0.48480820655822754,0.004585102200508118,0.9999033133770956,0.9017214012141695,222,500,500.0,0.0007442014757543802,500,500.0,1.6505987644195557,0.0,0.0,1583,444000,0.05952981859445572
0.004578204881399817,500.0,0.4885244369506836,0.5114754438400269,500.0,0.4834463596343994,0.004021681845188141,0.999909556122667,1.1383806719762142,223,500,500.0,0.0007005214574746788,500,500.0,1.648382306098938,0.0,0.0,1587,446000,0.0549205020070076
0.0035271560400724766,500.0,0.5093338489532471,0.4906662404537201,500.0,0.48257583379745483,0.003579419571906328,0.9999056008290274,0.985398880800661,224,500,500.0,0.000984585378319025,500,500.0,1.64716374874115,0.0,0.0,1591,448000,0.057156700640916824
0.0025298684667793836,500.0,0.5035356879234314,0.49646416306495667,500.0,0.4838344156742096,0.0030544009059667587,0.999909249345737,0.8282699438169026,225,500,500.0,0.0006832152721472085,500,500.0,1.6489194631576538,0.0,0.0,1595,450000,0.05429697781801224
0.00319677790906292,500.0,0.48844143748283386,0.5115585327148438,500.0,0.4761400818824768,0.003201352199539542,0.9999226876610622,0.9985711380093449,226,500,500.0,0.0008416428463533521,500,500.0,1.6374261379241943,0.0,0.0,1599,452000,0.04815207049250603
0.001772476148791391,500.0,0.5187374353408813,0.4812625050544739,500.0,0.47618746757507324,0.0021801008842885494,0.9999128342696255,0.8130248290641916,227,500,500.0,0.0006908838986419141,500,500.0,1.6374576091766357,0.0,0.0,1603,454000,0.05341126397252083
0.002676399555057385,500.0,0.5093270540237427,0.49067288637161255,500.0,0.48001399636268616,0.003054595785215497,0.9999252175429062,0.8761877980750795,228,500,500.0,0.0007576086791232228,500,500.0,1.6435106992721558,0.0,0.0,1607,456000,0.04476089030504227
0.006180251762270883,500.0,0.5045308470726013,0.4954693019390106,500.0,0.4755425453186035,0.006801476702094078,0.9999262725248145,0.9086632260856045,229,500,500.0,0.0006912654498592019,500,500.0,1.6365824937820435,0.0,0.0,1611,458000,0.044164225459098816
0.003755325213074201,500.0,0.49489066004753113,0.5051093697547913,500.0,0.4757769703865051,0.004045824520289898,0.9999266050443147,0.9281977491216348,230,500,500.0,0.0009240307263098657,500,500.0,1.6368316411972046,0.0,0.0,1615,460000,0.04446657374501228
0.0023270957935601633,500.0,0.5025172233581543,0.4974827766418457,500.0,0.4676685035228729,0.002874750876799226,0.9999285742308052,0.8094947678218202,231,500,500.0,0.0006003763992339373,500,500.0,1.6248761415481567,0.0,0.0,1619,462000,0.04285058751702309
0.003818627389147844,500.0,0.5112760663032532,0.48872390389442444,500.0,0.46590888500213623,0.003664707997813821,0.9999259016437941,1.0420004517210768,232,500,500.0,0.000956172589212656,500,500.0,1.6226948499679565,0.0,0.0,1623,464000,0.04451321065425873
0.0036006581485271694,500.0,0.5092624425888062,0.49073752760887146,500.0,0.46660116314888,0.0032972265034914017,0.9999203275566666,1.092026327191798,233,500,500.0,0.0007584600243717432,500,500.0,1.6235893964767456,0.0,0.0,1627,466000,0.04798092693090439
0.003421161949634488,500.0,0.5144700407981873,0.4855298697948456,500.0,0.4673299193382263,0.0031552694737911227,0.9999432087591006,1.0842693399254708,234,500,500.0,0.0006896291743032634,500,500.0,1.624675989151001,0.0,0.0,1631,468000,0.03403695672750473
0.0043878524899483295,500.0,0.49865594506263733,0.5013440847396851,500.0,0.4737619459629059,0.004098573327064515,0.9999439434444599,1.0705804531966256,235,500,500.0,0.0006730838213115931,500,500.0,1.6338926553726196,0.0,0.0,1635,470000,0.03381612151861191
0.0031191911008208173,500.0,0.4930185377597809,0.5069814324378967,500.0,0.4693038761615753,0.003264874452725053,0.9999340986885117,0.95537857457807,236,500,500.0,0.0008988864137791097,500,500.0,1.6278129816055298,0.0,0.0,1639,472000,0.041924841701984406
0.005503662060014847,500.0,0.485801100730896,0.5141987800598145,500.0,0.4691670835018158,0.00597109692171216,0.9999393163088296,0.9217170868559138,237,500,500.0,0.0007931594154797494,500,500.0,1.626927375793457,0.0,0.0,1643,474000,0.036468375474214554
0.0037056985660459674,500.0,0.49818503856658936,0.5018149614334106,500.0,0.47565963864326477,0.004298510495573282,0.999954067536408,0.8620889887002002,238,500,500.0,0.0007903131190687418,500,500.0,1.6369097232818604,0.0,0.0,1647,476000,0.028019169345498085
0.0038608457222579773,500.0,0.5098013877868652,0.49019870162010193,500.0,0.48151320219039917,0.004375914577394724,0.9999432013497899,0.8822945818463848,239,500,500.0,0.0008739749318920076,500,500.0,1.645686388015747,0.0,0.0,1651,478000,0.03729035332798958
0.005301692631095811,500.0,0.5158346891403198,0.4841651916503906,500.0,0.4804728031158447,0.005531216040253639,0.9999451263532307,0.9585039876425975,240,500,500.0,0.0009049652726389468,500,500.0,1.6436066627502441,0.0,0.0,1655,480000,0.03292956203222275
0.00423557111248396,500.0,0.4999651312828064,0.5000348091125488,500.0,0.477622389793396,0.004724537488073111,0.9999545538023685,0.896504922053529,241,500,500.0,0.0008395083714276552,500,500.0,1.6396678686141968,0.0,0.0,1659,482000,0.027274852618575096
0.003558051234111237,500.0,0.49173703789711,0.5082630515098572,500.0,0.47206395864486694,0.00352253089658916,0.9999587273148048,1.0100837547107027,242,500,500.0,0.0008503661956638098,500,500.0,1.631730556488037,0.0,0.0,1663,484000,0.02504226751625538
0.0038407409861687114,500.0,0.4965285062789917,0.5034714937210083,500.0,0.4683438837528229,0.004519021604210138,0.9999560109622313,0.8499054270044852,243,500,500.0,0.0007145021809265018,500,500.0,1.6258682012557983,0.0,0.0,1667,486000,0.02697804383933544
0.0019221562808375836,500.0,0.49642425775527954,0.5035758018493652,500.0,0.46397027373313904,0.0018696967512369157,0.9999543554554262,1.028057774377563,244,500,500.0,0.000637632911093533,500,500.0,1.619502305984497,0.0,0.0,1671,488000,0.027357373386621475
0.0031891162861139577,500.0,0.5021408796310425,0.49785909056663513,500.0,0.4714275002479553,0.003190303221344948,0.9999620071973311,0.9996279553545102,245,500,500.0,0.0007939934730529785,500,500.0,1.630357027053833,0.0,0.0,1675,490000,0.02275404892861843
0.006150870963931077,500.0,0.4967610836029053,0.5032389163970947,500.0,0.4683631658554077,0.006360852159559727,0.99994718229461,0.9669885118595204,246,500,500.0,0.0009521705796942115,500,500.0,1.6269744634628296,0.0,0.0,1679,492000,0.03162828087806702
0.0057763516940174675,500.0,0.4882062077522278,0.5117936730384827,500.0,0.4672544002532959,0.006113660987466574,0.9999573654472111,0.9448269548899402,247,500,500.0,0.0009066873462870717,500,500.0,1.62449049949646,0.0,0.0,1683,494000,0.025619355961680412
0.0039811667539180196,500.0,0.5133776664733887,0.48662227392196655,500.0,0.47211068868637085,0.0037740077823400497,0.9999586608883906,1.0548909762580092,248,500,500.0,0.000655554118566215,500,500.0,1.6311795711517334,0.0,0.0,1687,496000,0.025152182206511497
0.0037064009811729193,500.0,0.4951942265033722,0.5048058032989502,500.0,0.4745088815689087,0.004347801208496094,0.9999620580605295,0.8524771035828855,249,500,500.0,0.0007994795450940728,500,500.0,1.634764552116394,0.0,0.0,1691,498000,0.022714238613843918
0.003126605561003082,500.0,0.5044026970863342,0.49559736251831055,500.0,0.4579421281814575,0.0035286180209368467,0.9999647014976213,0.8860708476949197,250,500,500.0,0.0008062240085564554,500,500.0,1.6101469993591309,0.0,0.0,1695,500000,0.022411344572901726
