AverageEpisodeLength,AveragePolicyProb[0],AveragePolicyProb[1],AverageReturn,Entropy,ExplainedVariance,Iteration,MaxEpisodeLength,MaxReturn,MeanKL,MinEpisodeLength,MinReturn,Objective,Perplexity,StdEpisodeLength,StdReturn,TotalNEpisodes,TotalNSamples,ValueLoss
16.46,0.4987003803253174,0.5012996792793274,16.46,0.69314044713974,5.636321154911528e-06,1,52,52.0,0.0015869918279349804,5,5.0,-0.00026000296929851174,1.9999873638153076,8.66881768178337,8.66881768178337,122,2000,145.45249938964844
16.94,0.5067241191864014,0.49327585101127625,16.94,0.691929280757904,0.0014792667774933266,2,53,53.0,0.0013182515976950526,8,8.0,0.0018635423621162772,1.9975687265396118,9.150759531317604,9.150759531317604,241,4000,137.7566680908203
17.65,0.5092375874519348,0.49076247215270996,17.65,0.6888112425804138,0.0011658184374233604,3,56,56.0,0.0012363698333501816,5,5.0,0.0018974189879372716,1.991383671760559,9.819750505995557,9.819750505995557,353,6000,120.07201385498047
18.62,0.511600136756897,0.4883999526500702,18.62,0.6832729578018188,0.006076994175287731,4,72,72.0,0.0013275777455419302,6,6.0,0.005085721146315336,1.9805294275283813,10.613934237595407,10.613934237595407,459,8000,99.47911834716797
20.96,0.5168312788009644,0.4831685423851013,20.96,0.6752351522445679,0.0134714550498507,5,89,89.0,0.0014445626875385642,7,7.0,0.001016842550598085,1.9650607109069824,13.367064000744517,13.367064000744517,552,10000,128.9950408935547
20.49,0.5191046595573425,0.4808954894542694,20.49,0.6672640442848206,0.040250794372729604,6,61,61.0,0.0014346604002639651,6,6.0,0.009546224027872086,1.9501057863235474,12.15112751969956,12.15112751969956,648,12000,85.52445220947266
21.43,0.5068002343177795,0.49319979548454285,21.43,0.6533496975898743,0.07400668044390879,7,89,89.0,0.001687146839685738,6,6.0,0.01744415983557701,1.9243344068527222,13.376288722960489,13.376288722960489,740,14000,112.85816955566406
20.72,0.49901512265205383,0.5009848475456238,20.72,0.6414600014686584,0.05106337629440294,8,87,87.0,0.0015878590056672692,7,7.0,0.0026998277753591537,1.902848243713379,14.224682773264226,14.224682773264226,838,16000,120.82557678222656
21.58,0.5183306932449341,0.48166948556900024,21.58,0.6243634223937988,0.10489266188475033,9,64,64.0,0.0015117778675630689,6,6.0,0.010652827098965645,1.8727121353149414,12.922987270751294,12.922987270751294,930,18000,90.02930450439453
21.85,0.5088477730751038,0.4911523461341858,21.85,0.606439471244812,0.09575302946368147,10,72,72.0,0.0015571846161037683,6,6.0,0.028782546520233154,1.8425798416137695,13.17146537026158,13.17146537026158,1019,20000,95.1749496459961
24.86,0.49361395835876465,0.5063859820365906,24.86,0.5979536771774292,0.11722742410863507,11,75,75.0,0.001417432795278728,7,7.0,0.01808939501643181,1.8281219005584717,14.667665117529783,14.667665117529783,1099,22000,109.10028076171875
27.1,0.5313887596130371,0.4686114490032196,27.1,0.585281252861023,0.0775563284595493,12,108,108.0,0.0012427582405507565,8,8.0,0.013577534817159176,1.8080271482467651,17.681911661356075,17.681911661356075,1169,24000,164.24261474609375
30.13,0.492652028799057,0.507347822189331,30.13,0.5560370683670044,0.09817706085384637,13,92,92.0,0.0013412247644737363,8,8.0,0.026751115918159485,1.7597323656082153,17.502374124672343,17.502374124672343,1234,26000,120.7308120727539
29.74,0.5047786235809326,0.4952212870121002,29.74,0.5414109826087952,0.06102766011467642,14,135,135.0,0.0012673913734033704,7,7.0,0.02139723114669323,1.7372477054595947,19.91663626218042,19.91663626218042,1300,28000,207.13958740234375
32.85,0.4841251075267792,0.5158749222755432,32.85,0.5246825814247131,0.0707240884002478,15,135,135.0,0.0010986591223627329,7,7.0,0.02606852725148201,1.7100389003753662,21.231756875020963,21.231756875020963,1359,30000,175.8000946044922
31.59,0.46743181347846985,0.5325683355331421,31.59,0.5083988308906555,0.09720164581227375,16,94,94.0,0.000876519363373518,6,6.0,0.01982473023235798,1.6861194372177124,16.8066028691107,16.8066028691107,1425,32000,139.5683135986328
34.15,0.5132240653038025,0.4867760241031647,34.15,0.5168665051460266,0.03294130446654453,17,134,134.0,0.000869824318215251,6,6.0,0.03604760393500328,1.7000280618667603,22.31563353346707,22.31563353346707,1476,34000,244.2059783935547
35.46,0.49505653977394104,0.5049433708190918,35.46,0.4798941910266876,0.1194721242444462,18,134,134.0,0.0006043373723514378,8,8.0,0.005152846686542034,1.6441569328308105,20.841026846103333,20.841026846103333,1533,36000,153.15306091308594
36.8,0.4933197796344757,0.5066803097724915,36.8,0.4751451313495636,0.09602030821711804,19,119,119.0,0.0005822477396577597,9,9.0,0.023872660472989082,1.6364818811416626,20.995237555217134,20.995237555217134,1585,38000,216.43650817871094
37.25,0.49155354499816895,0.508446455001831,37.25,0.45273202657699585,0.1062535399417508,20,119,119.0,0.00048132959636859596,7,7.0,0.021032562479376793,1.6045769453048706,23.9839008503621,23.9839008503621,1642,40000,177.3616943359375
34.67,0.49904337525367737,0.5009565949440002,34.67,0.44819536805152893,0.150311511744742,21,94,94.0,0.00045139744179323316,7,7.0,0.026779498904943466,1.5979514122009277,21.012879383844567,21.012879383844567,1700,42000,147.88595581054688
38.38,0.48968055844306946,0.5103195309638977,38.38,0.4331974685192108,0.11871209448099207,22,95,95.0,0.0003424687893129885,10,10.0,0.022321708500385284,1.5757170915603638,20.65903192310811,20.65903192310811,1746,44000,186.18431091308594
41.17,0.5381971597671509,0.46180298924446106,41.17,0.4208219051361084,0.15278550821585335,23,95,95.0,0.00044157527736388147,11,11.0,0.024280790239572525,1.5576610565185547,19.658613888064437,19.658613888064437,1796,46000,153.6988525390625
41.41,0.491485595703125,0.5085142254829407,41.41,0.42134904861450195,0.14327777082071447,24,116,116.0,0.0004467202816158533,7,7.0,0.013483921997249126,1.5591895580291748,20.728287435289968,20.728287435289968,1843,48000,197.12283325195312
43.37,0.5036661028862,0.4963337481021881,43.37,0.4088653028011322,0.20218137476587394,25,116,116.0,0.0005925471195951104,7,7.0,0.025821134448051453,1.541335940361023,21.588726224583052,21.588726224583052,1890,50000,146.2858123779297
41.58,0.4886970520019531,0.5113029479980469,41.58,0.4008358418941498,0.1735216255376466,26,121,121.0,0.0004009299154859036,10,10.0,0.02214050479233265,1.5314128398895264,21.11358804182747,21.11358804182747,1940,52000,165.89065551757812
40.91,0.5034081339836121,0.4965919256210327,40.91,0.3901655375957489,0.18506585221916372,27,145,145.0,0.00016864739882294089,8,8.0,0.006207637954503298,1.515531301498413,24.237200745960738,24.237200745960738,1987,54000,158.0787353515625
40.19,0.47230786085128784,0.5276919007301331,40.19,0.38190528750419617,0.2257919251530338,28,145,145.0,0.00014612075756303966,8,8.0,0.01013320405036211,1.5047897100448608,22.702288430904936,22.702288430904936,2040,56000,137.97508239746094
40.61,0.49325674772262573,0.506743311882019,40.61,0.3750382661819458,0.1939172688610279,29,132,132.0,0.00013097963528707623,10,10.0,0.020617399364709854,1.4945024251937866,22.053523527998877,22.053523527998877,2083,58000,222.6840362548828
42.12,0.5044214129447937,0.495578795671463,42.12,0.36818984150886536,0.2675846055343851,30,132,132.0,0.00010785383346956223,8,8.0,0.020417459309101105,1.4851436614990234,22.496346370021953,22.496346370021953,2134,60000,133.60537719726562
43.83,0.48634281754493713,0.5136572122573853,43.83,0.37063518166542053,0.2606284656054496,31,132,132.0,9.276647324441001e-05,8,8.0,0.004000690300017595,1.4871845245361328,24.68199951381573,24.68199951381573,2177,62000,209.26193237304688
43.69,0.5039854049682617,0.4960145652294159,43.69,0.3658308684825897,0.2886174578647862,32,113,113.0,0.00019635101489257067,8,8.0,0.020647386088967323,1.481473684310913,23.711471907074852,23.711471907074852,2222,64000,170.6080322265625
42.67,0.5311293005943298,0.46887075901031494,42.67,0.3506714701652527,0.2523464422740699,33,103,103.0,0.0001405746879754588,8,8.0,0.018745439127087593,1.462615728378296,24.349560570983616,24.349560570983616,2273,66000,178.12722778320312
40.1,0.474284827709198,0.5257153511047363,40.1,0.35000407695770264,0.2655457952890543,34,123,123.0,0.0001306544290855527,8,8.0,0.035133156925439835,1.460449457168579,24.576208006932234,24.576208006932234,2324,68000,172.79058837890625
43.62,0.5088980197906494,0.4911019504070282,43.62,0.3563283383846283,0.2600940763837093,35,147,147.0,0.0002321998617844656,8,8.0,0.02104254812002182,1.4694483280181885,27.00436261051166,27.00436261051166,2367,70000,214.216552734375
46.2,0.48923784494400024,0.510762095451355,46.2,0.35448315739631653,0.3611751421823992,36,147,147.0,0.00025322087458334863,13,13.0,0.027056042104959488,1.4668446779251099,26.862613424609304,26.862613424609304,2412,72000,150.78245544433594
44.35,0.5347194075584412,0.4652806520462036,44.35,0.3350549042224884,0.2930063561928735,37,123,123.0,0.000221104797674343,12,12.0,0.0027569832745939493,1.4387991428375244,22.482604386502913,22.482604386502913,2456,74000,159.47720336914062
44.83,0.5250082612037659,0.47499164938926697,44.83,0.34060025215148926,0.3652958239276908,38,112,112.0,0.0003388789191376418,8,8.0,-0.012553769163787365,1.446547269821167,21.54486249666031,21.54486249666031,2498,76000,142.41561889648438
44.2,0.5376542210578918,0.4623456597328186,44.2,0.3458871841430664,0.37387832105282204,39,103,103.0,0.00019745295867323875,8,8.0,0.019551802426576614,1.4541879892349243,22.136847110643377,22.136847110643377,2544,78000,124.00679779052734
46.76,0.49929213523864746,0.5007079243659973,46.76,0.3208722472190857,0.36156270881528807,40,105,105.0,0.0001043029988068156,8,8.0,-0.002577634295448661,1.421261191368103,24.111043113063356,24.111043113063356,2583,80000,181.2620086669922
45.79,0.5184496641159058,0.4815501570701599,45.79,0.32574623823165894,0.38356198950820974,41,124,124.0,0.00030058325501158834,8,8.0,0.016452526673674583,1.4265921115875244,24.950068136179507,24.950068136179507,2628,82000,153.69337463378906
46.8,0.49269378185272217,0.5073060989379883,46.8,0.3242133855819702,0.3646652516328559,42,124,124.0,0.0004549444420263171,8,8.0,0.005217819940298796,1.4247318506240845,24.557279979672014,24.557279979672014,2670,84000,158.2957000732422
45.68,0.4967551827430725,0.5032446384429932,45.68,0.3127257823944092,0.1698023579777136,43,146,146.0,0.0005659551243297756,10,10.0,-0.0001310992520302534,1.4095185995101929,27.118584033831855,27.118584033831855,2713,86000,259.822265625
48.89,0.491590291261673,0.5084096193313599,48.89,0.32784759998321533,0.383864188887276,44,146,146.0,0.0006270426092669368,10,10.0,0.018291868269443512,1.42971670627594,28.08697028872997,28.08697028872997,2750,88000,165.52731323242188
54.18,0.4761368930339813,0.5238631367683411,54.18,0.3300579786300659,0.41365232869233204,45,146,146.0,0.0003548443492036313,10,10.0,0.010178793221712112,1.432498812675476,28.624248461750046,28.624248461750046,2785,90000,161.40606689453125
55.26,0.5111634731292725,0.4888363182544708,55.26,0.3177367150783539,0.30217536373960163,46,126,126.0,0.0003000366850756109,10,10.0,0.02209463156759739,1.4151370525360107,28.927709898987853,28.927709898987853,2822,92000,234.3855438232422
55.61,0.4913737177848816,0.5086262226104736,55.61,0.3173738718032837,0.2480503067471871,47,141,141.0,0.0003431336663197726,10,10.0,-0.004200081806629896,1.4163521528244019,33.19846231378797,33.19846231378797,2860,94000,291.8731384277344
56.12,0.5125181674957275,0.48748189210891724,56.12,0.3239465653896332,0.28784352609830777,48,142,142.0,0.00038195858360268176,10,10.0,0.00870349258184433,1.4239493608474731,35.09395389522246,35.09395389522246,2893,96000,252.67726135253906
59.17,0.5050509572029114,0.4949491322040558,59.17,0.319797545671463,0.3273053705987685,49,176,176.0,0.0004266070027370006,12,12.0,0.022902226075530052,1.418595314025879,36.704510621993045,36.704510621993045,2923,98000,274.4091491699219
62.77,0.5128875970840454,0.4871125817298889,62.77,0.3053458333015442,0.22083204758541874,50,179,179.0,0.0005181354354135692,14,14.0,0.030116954818367958,1.398889422416687,38.93786203684018,38.93786203684018,2956,100000,351.3554382324219
63.36,0.5216923952102661,0.47830748558044434,63.36,0.30965352058410645,0.3355670257703989,51,179,179.0,0.0006366288871504366,14,14.0,0.008481443859636784,1.4037607908248901,38.393103547382054,38.393103547382054,2986,102000,221.1343994140625
65.16,0.5151742100715637,0.48482567071914673,65.16,0.2971517741680145,0.17649864354289913,52,179,179.0,0.0009721734677441418,11,11.0,-0.0008340167114511132,1.3865936994552612,38.37622180465399,38.37622180465399,3013,104000,429.6527099609375
63.77,0.4931377172470093,0.506862461566925,63.77,0.3127012550830841,0.07918208572665564,53,249,249.0,0.0009561321348883212,11,11.0,0.02969839796423912,1.408892035484314,42.45229204648437,42.45229204648437,3046,106000,370.7698669433594
67.06,0.5088971257209778,0.491102933883667,67.06,0.3145213723182678,0.2743614070072605,54,249,249.0,0.0008121016435325146,7,7.0,0.022809600457549095,1.4105827808380127,43.117472096587484,43.117472096587484,3078,108000,252.83872985839844
61.59,0.486205518245697,0.513794481754303,61.59,0.3049599230289459,0.27160834862747896,55,249,249.0,0.0012890197103843093,7,7.0,0.01825336366891861,1.3984295129776,43.355298407461106,43.355298407461106,3113,110000,288.5405578613281
63.02,0.521142840385437,0.4788571894168854,63.02,0.29132458567619324,0.2162706119617398,56,165,165.0,0.0008544488227926195,7,7.0,0.006558009888976812,1.378994345664978,38.71149183382113,38.71149183382113,3141,112000,287.07086181640625
63.88,0.5169559121131897,0.4830440878868103,63.88,0.29864153265953064,0.1362782390912778,57,165,165.0,0.0013588229194283485,9,9.0,0.017333999276161194,1.3891266584396362,40.550038224396296,40.550038224396296,3172,114000,395.7919006347656
68.77,0.5435797572135925,0.45642080903053284,68.77,0.2953214943408966,0.04365999745662563,58,258,258.0,0.0006189577979966998,8,8.0,0.01063879020512104,1.3848007917404175,50.79209682617957,50.79209682617957,3198,116000,696.8248901367188
69.86,0.5139114260673523,0.4860883951187134,69.86,0.3081972897052765,0.02527204577052722,59,300,300.0,0.0005116552929393947,8,8.0,0.030849259346723557,1.4037152528762817,58.19948797025623,58.19948797025623,3221,118000,589.05615234375
72.14,0.499988317489624,0.5000117421150208,72.14,0.2980152666568756,0.07286277264680607,60,300,300.0,0.0005442674155347049,8,8.0,0.0265655517578125,1.3895987272262573,63.53298670769382,63.53298670769382,3253,120000,483.9136047363281
78.29,0.5062723755836487,0.4937276840209961,78.29,0.30147191882133484,0.15459256952453815,61,300,300.0,0.00021508944337256253,8,8.0,0.011537433601915836,1.3926969766616821,65.19605739613401,65.19605739613401,3275,122000,502.4151306152344
79.19,0.48990967869758606,0.5100902915000916,79.19,0.2965069115161896,0.12379220100161203,62,300,300.0,0.00017545672017149627,8,8.0,0.03528057411313057,1.3874694108963013,61.50816124710607,61.50816124710607,3303,124000,440.0223083496094
73.27,0.4858724772930145,0.5141275525093079,73.27,0.2776564061641693,0.12439366372909144,63,230,230.0,0.0002049539180006832,8,8.0,0.048490870743989944,1.3594329357147217,51.96919375938018,51.96919375938018,3328,126000,451.92999267578125
78.04,0.5169703960418701,0.4830298125743866,78.04,0.3023870289325714,0.08934232033082579,64,270,270.0,9.89805776043795e-05,9,9.0,0.038228005170822144,1.3954918384552002,54.489984400805255,54.489984400805255,3355,128000,432.18017578125
82.25,0.4952135682106018,0.5047864317893982,82.25,0.3077835440635681,-0.23775534606830617,65,426,426.0,0.000105065613752231,9,9.0,0.0156876090914011,1.4027262926101685,66.04625273246015,66.04625273246015,3374,130000,1082.287109375
80.63,0.5316632986068726,0.46833696961402893,80.63,0.29232755303382874,0.08179718493484167,66,426,426.0,0.00017092432244680822,9,9.0,0.008473408408463001,1.380748987197876,66.41184457609953,66.41184457609953,3402,132000,573.0074462890625
80.56,0.5004823803901672,0.49951767921447754,80.56,0.2748904526233673,0.10927173632275133,67,426,426.0,0.0002467765298206359,9,9.0,0.01902908831834793,1.3567404747009277,66.54176432887844,66.54176432887844,3425,134000,552.2713012695312
79.21,0.4933685064315796,0.5066316723823547,79.21,0.2779204547405243,0.11654641348363515,68,426,426.0,0.00029076350620016456,9,9.0,0.017638083547353745,1.3611713647842407,67.51196856854347,67.51196856854347,3457,136000,441.8948974609375
77.34,0.4967420995235443,0.5032578110694885,77.34,0.29832887649536133,0.10323564778164585,69,279,279.0,0.0003843379090540111,9,9.0,0.043424271047115326,1.3888928890228271,58.6186352621758,58.6186352621758,3476,138000,612.3754272460938
80.98,0.4930417537689209,0.5069583654403687,80.98,0.2900354564189911,0.11970096916041051,70,290,290.0,0.00019716295355465263,9,9.0,0.020100455731153488,1.3782806396484375,61.47096550404914,61.47096550404914,3499,140000,529.4120483398438
80.52,0.4853318929672241,0.5146680474281311,80.52,0.27556702494621277,0.01995390923477036,71,290,290.0,0.0001616987428860739,9,9.0,-0.00039097724948078394,1.3577678203582764,64.69056809149228,64.69056809149228,3527,142000,547.6963500976562
80.65,0.47817152738571167,0.5218284130096436,80.65,0.29250794649124146,0.09321543354726403,72,290,290.0,0.00021708746498916298,9,9.0,0.018963104113936424,1.3820894956588745,64.03426816947314,64.03426816947314,3549,144000,577.8242797851562
88.42,0.5133134126663208,0.48668670654296875,88.42,0.27142754197120667,0.22792520434475216,73,290,290.0,0.00036792655009776354,11,11.0,0.029472140595316887,1.3521100282669067,66.26842083526662,66.26842083526662,3567,146000,486.7124938964844
94.29,0.4982415437698364,0.5017585158348083,94.29,0.2960296869277954,0.2827056760590708,74,290,290.0,0.0004602146800607443,11,11.0,0.03247866779565811,1.3849235773086548,71.32507202940631,71.32507202940631,3578,148000,727.7304077148438
96.82,0.4767724871635437,0.5232276320457458,96.82,0.27189841866493225,0.2025901333231227,75,427,427.0,8.93262040335685e-05,11,11.0,0.009409364312887192,1.3533473014831543,77.90755804156615,77.90755804156615,3600,150000,800.6954345703125
100.4,0.5005401372909546,0.4994598627090454,100.4,0.2758396863937378,0.24052464405259977,76,427,427.0,4.587862713378854e-05,11,11.0,0.004664220847189426,1.3585070371627808,76.80546855530537,76.80546855530537,3623,152000,578.2573852539062
108.06,0.4721604585647583,0.527839720249176,108.06,0.2797001302242279,0.11468673058454981,77,427,427.0,0.00010322132584406063,11,11.0,0.02969314344227314,1.3646272420883179,82.32640159754342,82.32640159754342,3641,154000,766.0570678710938
110.61,0.4781206548213959,0.5218794345855713,110.61,0.28615710139274597,0.18694731205731074,78,427,427.0,6.259717338252813e-05,11,11.0,0.01420535147190094,1.372695803642273,82.03205410082086,82.03205410082086,3661,156000,504.02581787109375
95.18,0.500846803188324,0.4991530776023865,95.18,0.27057570219039917,0.2619688952568413,79,374,374.0,8.665206405567005e-05,11,11.0,0.03222842141985893,1.3524866104125977,72.84632866521139,72.84632866521139,3680,158000,507.9339599609375
100.46,0.48777535557746887,0.512224555015564,100.46,0.27746227383613586,-0.09996791920203463,80,500,500.0,0.00019853170670103282,13,13.0,0.020366091281175613,1.361079454421997,81.7540726814267,81.7540726814267,3701,160000,748.064208984375
99.31,0.5062636733055115,0.49373629689216614,99.31,0.2668581008911133,0.2024001648174517,81,500,500.0,0.00010357918654335663,9,9.0,0.014675670303404331,1.3469988107681274,81.97312913388143,81.97312913388143,3726,162000,471.3236389160156
93.59,0.46055373549461365,0.5394461750984192,93.59,0.26180535554885864,0.07387108855090307,82,500,500.0,6.263434624997899e-05,9,9.0,0.02941480278968811,1.3400466442108154,78.29816025935732,78.29816025935732,3748,164000,701.602783203125
86.58,0.47383034229278564,0.5261698365211487,86.58,0.2650110721588135,0.16178253156182043,83,500,500.0,9.891186346067116e-05,9,9.0,0.02352798357605934,1.345431923866272,77.26786913070659,77.26786913070659,3775,166000,527.439208984375
86.92,0.5301782488822937,0.46982163190841675,86.92,0.2658558487892151,0.27037817346605564,84,336,336.0,3.720571112353355e-05,9,9.0,0.06454180926084518,1.3457319736480713,67.82207310308348,67.82207310308348,3792,168000,420.6466369628906
89.97,0.5077778697013855,0.4922221601009369,89.97,0.282351553440094,0.2606038797529836,85,336,336.0,5.574318129220046e-05,10,10.0,0.02659863978624344,1.3680636882781982,69.0086161287125,69.0086161287125,3811,170000,489.8523864746094
94.37,0.5157830715179443,0.48421674966812134,94.37,0.2765350341796875,0.2332558464342347,86,336,336.0,0.00015613004507031292,8,8.0,0.025841502472758293,1.360019564628601,70.45660437460778,70.45660437460778,3829,172000,462.5882263183594
97.7,0.4911431074142456,0.5088568329811096,97.7,0.2575910687446594,0.05206863200651435,87,252,252.0,8.939582039602101e-05,8,8.0,0.0041260626167058945,1.3342379331588745,67.56012137348482,67.56012137348482,3852,174000,576.9537963867188
104.17,0.512083888053894,0.48791617155075073,104.17,0.2679320275783539,0.18363447607513483,88,252,252.0,7.93814760982059e-05,8,8.0,0.03039136715233326,1.348628282546997,67.82257072686053,67.82257072686053,3871,176000,502.51666259765625
106.06,0.5093206763267517,0.49067923426628113,106.06,0.264102578163147,0.27958634321634546,89,252,252.0,6.735917122568935e-05,8,8.0,0.019282326102256775,1.342761516571045,68.23618101857694,68.23618101857694,3887,178000,483.2691955566406
98.54,0.49637654423713684,0.5036233067512512,98.54,0.2558528780937195,0.1588973054848719,90,252,252.0,8.851883467286825e-05,8,8.0,-0.0067365472204983234,1.3323997259140015,69.92787999074474,69.92787999074474,3914,180000,638.5011596679688
93.96,0.5165234208106995,0.4834764301776886,93.96,0.24874122440814972,0.11392636065767558,91,366,366.0,4.821285983780399e-05,9,9.0,0.014354526065289974,1.3225845098495483,70.37782605338134,70.37782605338134,3936,182000,560.3098754882812
92.68,0.4785436987876892,0.5214561223983765,92.68,0.26330482959747314,0.2723842445311181,92,366,366.0,0.00014780517085455358,9,9.0,0.03552649915218353,1.3423019647598267,71.24884279762023,71.24884279762023,3959,184000,464.19561767578125
92.37,0.4718121290206909,0.5281879305839539,92.37,0.26015329360961914,0.2164792238882518,93,366,366.0,0.00022680163965560496,12,12.0,0.04275185242295265,1.3370752334594727,69.6599820556968,69.6599820556968,3979,186000,390.7297668457031
87.77,0.48626086115837097,0.5137391686439514,87.77,0.25111278891563416,0.1254775828370881,94,366,366.0,5.760580097557977e-05,9,9.0,0.023124728351831436,1.3260811567306519,69.7095194360139,69.7095194360139,4003,188000,544.8655395507812
98.04,0.5137091279029846,0.48629096150398254,98.04,0.27739712595939636,0.35484013085306254,95,366,366.0,6.563880015164614e-05,9,9.0,0.03299262374639511,1.3607947826385498,80.11503229731609,80.11503229731609,4017,190000,803.5819702148438
96.93,0.5049380660057068,0.49506181478500366,96.93,0.25347793102264404,0.13436307266269798,96,363,363.0,5.017964213038795e-05,9,9.0,-0.0149579718708992,1.3276889324188232,78.17969749237969,78.17969749237969,4041,192000,853.3494873046875
99.35,0.5240037441253662,0.4759959876537323,99.35,0.2515176236629486,0.22234907341671728,97,363,363.0,0.000224008530494757,9,9.0,0.03668831288814545,1.3248887062072754,76.52272538272535,76.52272538272535,4060,194000,412.9527282714844
95.59,0.5258908271789551,0.4741094410419464,95.59,0.24789661169052124,0.1030811966506715,98,363,363.0,0.00040208353311754763,9,9.0,0.030137617141008377,1.3217709064483643,77.67343110742566,77.67343110742566,4085,196000,463.2248840332031
92.19,0.49229010939598083,0.5077097415924072,92.19,0.2552716135978699,0.22805750573856387,99,357,357.0,0.0003056235145777464,10,10.0,0.03822882100939751,1.3316508531570435,70.29405309128221,70.29405309128221,4107,198000,430.0450439453125
90.61,0.480112761259079,0.5198872685432434,90.61,0.2628919184207916,0.17013851644666156,100,351,351.0,0.00017125614976976067,10,10.0,0.019738661125302315,1.342427372932434,69.55715563477276,69.55715563477276,4124,200000,596.0789184570312
96.15,0.4623391926288605,0.5376606583595276,96.15,0.25626763701438904,0.23000529397468883,101,351,351.0,0.00030192898702807724,9,9.0,0.02564803510904312,1.3325709104537964,68.69692496757042,68.69692496757042,4146,202000,454.800048828125
92.97,0.49880436062812805,0.5011956095695496,92.97,0.2683853209018707,0.21662516754243777,102,351,351.0,0.00033738024649210274,9,9.0,0.006176928523927927,1.3500778675079346,67.95269751820011,67.95269751820011,4165,204000,426.78765869140625
97.27,0.5200315117835999,0.47996842861175537,97.27,0.24865132570266724,0.2194365221882394,103,351,351.0,0.0003159023472107947,9,9.0,0.000574286503251642,1.3223562240600586,68.71518827741069,68.71518827741069,4185,206000,485.1934814453125
97.57,0.4707660377025604,0.5292339324951172,97.57,0.25841987133026123,0.13767958633324728,104,351,351.0,0.00016050689737312496,9,9.0,0.01898028329014778,1.335485816001892,71.97058496358079,71.97058496358079,4208,208000,492.3799743652344
102.63,0.5151446461677551,0.4848552644252777,102.63,0.26938632130622864,0.24575152639331355,105,344,344.0,0.0001671271020313725,9,9.0,0.03574034571647644,1.3497412204742432,69.37804479804832,69.37804479804832,4223,210000,509.10284423828125
95.63,0.5038499236106873,0.49615004658699036,95.63,0.25086477398872375,-0.08981839343608833,106,344,344.0,8.779704512562603e-05,10,10.0,0.002415637020021677,1.3264696598052979,67.94448542744291,67.94448542744291,4246,212000,994.6856689453125
103.31,0.5190132260322571,0.48098671436309814,103.31,0.2576200067996979,0.08116584589304998,107,500,500.0,0.00021750836458522826,10,10.0,0.02742660604417324,1.3347384929656982,85.91864698655351,85.91864698655351,4262,214000,733.456787109375
111.13,0.4856972396373749,0.5143027305603027,111.13,0.25120481848716736,0.21188253852883876,108,500,500.0,9.420301648788154e-05,10,10.0,0.029235603287816048,1.3251373767852783,91.03259361349647,91.03259361349647,4278,216000,604.37890625
109.35,0.4877288341522217,0.5122714042663574,109.35,0.26543840765953064,0.14472990512730877,109,500,500.0,0.00019600181258283556,9,9.0,0.015254921279847622,1.345906138420105,90.10198388492898,90.10198388492898,4296,218000,666.8814697265625
106.97,0.4867825508117676,0.5132174491882324,106.97,0.2572365999221802,0.18163267098784563,110,500,500.0,0.0003343973949085921,9,9.0,0.01991807483136654,1.3346418142318726,95.61605043087692,95.61605043087692,4319,220000,597.3638916015625
107.21,0.4739839732646942,0.5260164737701416,107.21,0.2539757490158081,0.1670060995685544,111,500,500.0,0.00025027708034031093,8,8.0,0.03381315991282463,1.3291517496109009,95.87202876751905,95.87202876751905,4337,222000,650.44775390625
111.57,0.5157656669616699,0.48423442244529724,111.57,0.2580396234989166,0.09000670091027851,112,442,442.0,0.00029879232170060277,8,8.0,0.013993116095662117,1.3345706462860107,95.41459584361294,95.41459584361294,4353,224000,664.3419189453125
107.8,0.4986312687397003,0.5013687610626221,107.8,0.2584671378135681,0.15342464491407393,113,400,400.0,0.00035576356458477676,8,8.0,0.02926521934568882,1.3344218730926514,93.346237203221,93.346237203221,4371,226000,627.7595825195312
108.31,0.48930567502975464,0.5106943845748901,108.31,0.259334921836853,0.2078412683507096,114,400,400.0,0.0005374064785428345,8,8.0,0.019991692155599594,1.3359808921813965,92.57210108882697,92.57210108882697,4387,228000,535.2020263671875
107.37,0.5298125147819519,0.47018739581108093,107.37,0.2507062554359436,0.18690057324547793,115,378,378.0,0.00027634380967356265,8,8.0,0.018431585282087326,1.325042486190796,87.19651999936694,87.19651999936694,4407,230000,543.7675170898438
115.13,0.4980704188346863,0.5019297003746033,115.13,0.26388445496559143,0.20990603975407152,116,378,378.0,0.0004355362616479397,8,8.0,0.026526717469096184,1.3433735370635986,87.46023725099309,87.46023725099309,4424,232000,526.2969360351562
117.12,0.47898977994918823,0.5210102796554565,117.12,0.2569487392902374,0.13833083561779658,117,378,378.0,0.0003838332777377218,9,9.0,0.045953169465065,1.3326711654663086,88.27573619064302,88.27573619064302,4438,234000,758.15380859375
118.48,0.5054984092712402,0.49450165033340454,118.48,0.25942662358283997,0.2273033109053384,118,378,378.0,7.891424320405349e-05,8,8.0,0.011628614738583565,1.3362795114517212,84.47395811728015,84.47395811728015,4456,236000,546.783935546875
113.8,0.44517654180526733,0.5548239946365356,113.8,0.2604517936706543,0.09264463639551435,119,378,378.0,0.00019726381287910044,8,8.0,0.011851377785205841,1.339176893234253,82.63861083053126,82.63861083053126,4475,238000,684.9590454101562
116.96,0.5430543422698975,0.45694589614868164,116.96,0.266635924577713,0.18199984341918718,120,310,310.0,0.00020387597032822669,8,8.0,0.008125264197587967,1.3470762968063354,81.34284479903565,81.34284479903565,4492,240000,587.1889038085938
117.2,0.540192186832428,0.45980802178382874,117.2,0.24587740004062653,0.20350234552448676,121,364,364.0,0.00010885451774811372,8,8.0,0.025241585448384285,1.319434642791748,88.38947901192766,88.38947901192766,4511,242000,603.7140502929688
108.93,0.49771642684936523,0.5022836327552795,108.93,0.25476527214050293,0.1575573970092562,122,364,364.0,1.2006346878479235e-05,8,8.0,0.020024582743644714,1.3314979076385498,85.08069757588969,85.08069757588969,4535,244000,680.9163208007812
102.34,0.5328065752983093,0.46719375252723694,102.34,0.25341370701789856,0.20908047729432422,123,364,364.0,5.0200935220345855e-05,9,9.0,0.03520452231168747,1.3282796144485474,80.22695556980834,80.22695556980834,4554,246000,463.2021789550781
102.03,0.5373857617378235,0.462613970041275,102.03,0.24393440783023834,0.1824003955645509,124,364,364.0,0.00010689839109545574,9,9.0,0.02521471306681633,1.315140962600708,77.12605979822902,77.12605979822902,4576,248000,463.5238037109375
97.8,0.514046311378479,0.4859538674354553,97.8,0.24949871003627777,0.13193534988369648,125,364,364.0,0.00027863532886840403,9,9.0,0.0333046093583107,1.323756456375122,72.65190981660427,72.65190981660427,4592,250000,710.8296508789062
99.04,0.5073235034942627,0.4926765561103821,99.04,0.26060742139816284,0.2304341443918464,126,299,299.0,0.0005702315247617662,9,9.0,0.013999847695231438,1.3389172554016113,70.37185801156595,70.37185801156595,4609,252000,553.2113037109375
102.45,0.50954669713974,0.4904533922672272,102.45,0.24536295235157013,0.16972772808497916,127,299,299.0,8.301253546960652e-05,9,9.0,0.03349781408905983,1.3178733587265015,72.90025720119237,72.90025720119237,4629,254000,611.1539306640625
102.82,0.5016642808914185,0.4983356297016144,102.82,0.25465553998947144,0.1289571417455978,128,299,299.0,0.00020707079966086894,9,9.0,0.024054253473877907,1.3309687376022339,73.08985976180278,73.08985976180278,4651,256000,509.38165283203125
106.87,0.5235980153083801,0.476402223110199,106.87,0.24950872361660004,0.03654100579978237,129,438,438.0,0.0003768267633859068,13,13.0,0.05227487161755562,1.3251513242721558,81.58672134606219,81.58672134606219,4668,258000,681.7713012695312
106.9,0.4975194036960602,0.5024805665016174,106.9,0.24622806906700134,0.14982280739894072,130,438,438.0,0.0002419718075543642,11,11.0,0.04876682534813881,1.3195412158966064,81.88949871625788,81.88949871625788,4689,260000,519.85009765625
110.18,0.5006496906280518,0.49935027956962585,110.18,0.24699564278125763,0.15939304389534625,131,485,485.0,0.00025174804613925517,11,11.0,0.060947272926568985,1.3209006786346436,88.34855743021501,88.34855743021501,4703,262000,748.4918212890625
105.29,0.5042335391044617,0.49576663970947266,105.29,0.2284775972366333,0.1709522500520041,132,485,485.0,0.0002984686871059239,11,11.0,0.014097850769758224,1.2946529388427734,84.6488387398197,84.6488387398197,4724,264000,624.4950561523438
107.34,0.5268500447273254,0.4731498062610626,107.34,0.24159477651119232,0.20175837687693476,133,485,485.0,0.0002061731938738376,7,7.0,0.029966598376631737,1.3128151893615723,84.17650741151002,84.17650741151002,4740,266000,506.9107971191406
110.84,0.49458256363868713,0.5054174065589905,110.84,0.2374182939529419,0.17412931314322166,134,485,485.0,0.0002554398961365223,7,7.0,0.02844102494418621,1.3081316947937012,86.64903000034104,86.64903000034104,4758,268000,616.5254516601562
108.97,0.48743149638175964,0.5125685334205627,108.97,0.22952336072921753,0.20452859002750556,135,485,485.0,7.832470873836428e-05,7,7.0,0.03288444131612778,1.2985316514968872,83.77081293624886,83.77081293624886,4775,270000,530.6019287109375
122.1,0.5183205604553223,0.4816795587539673,122.1,0.25190865993499756,0.2990594230507775,136,485,485.0,2.40452845901018e-05,7,7.0,0.03407472372055054,1.327370524406433,88.7606331658354,88.7606331658354,4785,272000,546.140869140625
120.78,0.5096117854118347,0.4903881549835205,120.78,0.22933022677898407,0.05941965528772708,137,396,396.0,4.2761927034007385e-05,7,7.0,0.02258007414638996,1.2962353229522705,88.92182859118452,88.92182859118452,4799,274000,719.7310791015625
126.89,0.4752223789691925,0.5247777104377747,126.89,0.23173069953918457,0.2583328678509994,138,396,396.0,4.4481104851001874e-05,7,7.0,0.012189256958663464,1.3005093336105347,90.45782387389164,90.45782387389164,4817,276000,461.452880859375
124.33,0.4861238896846771,0.5138759613037109,124.33,0.2358226180076599,0.16029324175359083,139,396,396.0,4.8684993089409545e-05,7,7.0,0.007564630825072527,1.3058072328567505,89.35323777009985,89.35323777009985,4836,278000,470.0283203125
130.24,0.5154902338981628,0.48450976610183716,130.24,0.22679182887077332,0.321407107513497,140,396,396.0,3.9370697777485475e-05,13,13.0,0.0375056229531765,1.2924158573150635,90.39957079544129,90.39957079544129,4850,280000,606.0902709960938
134.22,0.49306562542915344,0.506934404373169,134.22,0.22496801614761353,0.38483933101950274,141,396,396.0,0.00016929871344473213,13,13.0,0.03709174692630768,1.2912936210632324,89.564231699937,89.564231699937,4863,282000,414.5278625488281
131.15,0.4803018569946289,0.519698441028595,131.15,0.22427062690258026,0.1997428371922918,142,396,396.0,4.476470348890871e-05,13,13.0,0.00905042514204979,1.2912567853927612,87.63530966454104,87.63530966454104,4879,284000,543.771240234375
123.54,0.4415093958377838,0.5584912300109863,123.54,0.21605685353279114,0.23107591098831282,143,344,344.0,2.9586442906293087e-05,6,6.0,0.03419627249240875,1.280308485031128,79.04889879055875,79.04889879055875,4897,286000,510.0364990234375
124.55,0.49833038449287415,0.5016696453094482,124.55,0.21681703627109528,0.24866833274185973,144,340,340.0,3.881640805047937e-05,6,6.0,0.015174934640526772,1.280249834060669,78.5282592446821,78.5282592446821,4914,288000,482.915283203125
119.81,0.4847353994846344,0.515264630317688,119.81,0.21884645521640778,0.16755890730975853,145,340,340.0,0.00010867749369936064,6,6.0,0.003433588659390807,1.2839264869689941,81.69402609738366,81.69402609738366,4937,290000,653.8155517578125
111.82,0.5241095423698425,0.475890576839447,111.82,0.21247108280658722,0.1508562147491549,146,365,365.0,1.7440714145777747e-05,6,6.0,0.03539866954088211,1.2746273279190063,81.96479488170515,81.96479488170515,4956,292000,635.6622314453125
106.33,0.49096837639808655,0.5090317130088806,106.33,0.22151628136634827,0.14149185860248337,147,464,464.0,2.6411218641442247e-05,6,6.0,0.017039330676198006,1.2883363962173462,87.99409696110303,87.99409696110303,4976,294000,597.7173461914062
107.23,0.5110936760902405,0.4889064431190491,107.23,0.2168937772512436,0.1551882315344365,148,464,464.0,0.00012821426207665354,11,11.0,0.02257794886827469,1.2812962532043457,92.68223724101615,92.68223724101615,4989,296000,779.2909545898438
105.85,0.48843348026275635,0.5115665197372437,105.85,0.21123544871807098,0.15953263001217755,149,464,464.0,0.00026926121790893376,11,11.0,0.02785906009376049,1.2742221355438232,89.85492473982714,89.85492473982714,5009,298000,542.6907958984375
108.61,0.48152586817741394,0.5184741616249084,108.61,0.19993899762630463,0.14626665747141998,150,464,464.0,0.00017827343253884465,11,11.0,0.01710524968802929,1.257126808166504,93.06373031423144,93.06373031423144,5025,300000,580.5758666992188
113.5,0.49621692299842834,0.5037831664085388,113.5,0.21025477349758148,0.1900985749523192,151,464,464.0,5.249547757557593e-05,11,11.0,0.001253261580131948,1.2721762657165527,91.38418900444431,91.38418900444431,5043,302000,479.3825378417969
113.71,0.5124935507774353,0.4875063896179199,113.71,0.21591068804264069,0.18169899023111225,152,464,464.0,0.00013179283996578306,11,11.0,0.0226418636739254,1.2799592018127441,84.4567694148906,84.4567694148906,5063,304000,535.581298828125
118.59,0.5101197957992554,0.4898799955844879,118.59,0.21926680207252502,0.19515107387610786,153,353,353.0,0.0001642903225729242,12,12.0,0.039793118834495544,1.2829318046569824,79.6363101857438,79.6363101857438,5077,306000,550.2368774414062
114.59,0.4951256215572357,0.5048744082450867,114.59,0.19774338603019714,0.1647883701347751,154,332,332.0,0.00016138562932610512,12,12.0,0.0019477835157886147,1.2547699213027954,70.39063787180793,70.39063787180793,5097,308000,606.8189086914062
110.32,0.4914729595184326,0.5085272192955017,110.32,0.21156108379364014,0.15764944069608744,155,332,332.0,0.0001166249712696299,12,12.0,0.023130562156438828,1.2725180387496948,70.04411181534105,70.04411181534105,5118,310000,444.46002197265625
109.7,0.4931892156600952,0.5068110227584839,109.7,0.2113274186849594,0.22707413943859822,156,332,332.0,9.183536167256534e-05,12,12.0,0.011095444671809673,1.2725789546966553,68.35736975630353,68.35736975630353,5132,312000,515.109619140625
115.53,0.5096800923347473,0.49031978845596313,115.53,0.21466444432735443,0.2082567020393623,157,332,332.0,0.00010903661313932389,12,12.0,0.027289900928735733,1.2772395610809326,70.57017146075245,70.57017146075245,5147,314000,531.5228881835938
115.24,0.4724683463573456,0.5275317430496216,115.24,0.21294790506362915,0.22531136997824508,158,332,332.0,0.0003269621229264885,13,13.0,0.0408271886408329,1.2759982347488403,71.4506990868529,71.4506990868529,5165,316000,504.9176025390625
112.25,0.4997139573097229,0.5002860426902771,112.25,0.20528319478034973,0.16143636398890782,159,344,344.0,0.000664173043332994,13,13.0,0.017013030126690865,1.2642379999160767,76.44152994282624,76.44152994282624,5185,318000,673.7952270507812
114.14,0.47131314873695374,0.528687059879303,114.14,0.2227609008550644,0.19484601159550197,160,344,344.0,0.0014411697629839182,13,13.0,0.002653336152434349,1.288912057876587,80.11217385641211,80.11217385641211,5201,320000,536.6690673828125
118.09,0.5217372179031372,0.4782627820968628,118.09,0.20995968580245972,0.18550192337201932,161,454,454.0,0.0006164245423860848,12,12.0,0.031746480613946915,1.2698760032653809,89.38423742472719,89.38423742472719,5217,322000,721.7921752929688
115.75,0.48757460713386536,0.5124253630638123,115.75,0.1948806196451187,0.09518265506091306,162,454,454.0,0.0008664060151204467,12,12.0,0.025542492046952248,1.2513387203216553,91.30929580278232,91.30929580278232,5237,324000,638.8652954101562
111.42,0.4776059091091156,0.5223941206932068,111.42,0.22037681937217712,0.10813840284161613,163,454,454.0,0.0007868510438129306,12,12.0,0.0398019477725029,1.285415530204773,91.28758732708407,91.28758732708407,5255,326000,593.2728881835938
118.98,0.48097190260887146,0.5190279483795166,118.98,0.2164020985364914,0.22927380963416155,164,454,454.0,0.0005509439506568015,12,12.0,0.06995289027690887,1.2794923782348633,93.77206193744489,93.77206193744489,5268,328000,562.8656005859375
120.73,0.49390366673469543,0.5060964226722717,120.73,0.209577277302742,0.12492843325156411,165,454,454.0,0.0002565773902460933,9,9.0,0.009613310918211937,1.270165205001831,90.19189043367479,90.19189043367479,5285,330000,616.2052612304688
117.29,0.48900219798088074,0.5109978318214417,117.29,0.20999999344348907,0.08486068892231613,166,454,454.0,0.0001364556374028325,9,9.0,0.04673883318901062,1.272851824760437,88.5656022392441,88.5656022392441,5304,332000,578.765869140625
114.54,0.48911502957344055,0.5108849406242371,114.54,0.21866798400878906,0.09633593673517837,167,340,340.0,1.8614389773574658e-05,9,9.0,0.0313456729054451,1.2842596769332886,77.08831558673467,77.08831558673467,5320,334000,747.5110473632812
121.04,0.47044628858566284,0.5295536518096924,121.04,0.20676355063915253,0.13482991694935909,168,496,496.0,8.042097761062905e-06,9,9.0,0.035224709659814835,1.2659461498260498,85.98905976925204,85.98905976925204,5335,336000,583.1947021484375
123.64,0.46469569206237793,0.5353042483329773,123.64,0.20551235973834991,0.20191348167036516,169,496,496.0,2.8906155421282165e-05,9,9.0,0.013078413903713226,1.2647972106933594,87.10918665674706,87.10918665674706,5351,338000,521.1763916015625
119.17,0.4928785264492035,0.5071214437484741,119.17,0.20572976768016815,0.1130554987863549,170,496,496.0,5.615298505290411e-06,9,9.0,0.01889057271182537,1.2658360004425049,88.91299736259036,88.91299736259036,5369,340000,643.3729858398438
120.29,0.5010180473327637,0.49898195266723633,120.29,0.21692787110805511,0.15347884523764932,171,496,496.0,1.7125668819062412e-05,12,12.0,0.027408013120293617,1.2806497812271118,95.72850098063793,95.72850098063793,5383,342000,731.2611694335938
122.58,0.46875324845314026,0.5312468409538269,122.58,0.204005166888237,0.13780960333902093,172,496,496.0,3.4678920201258734e-05,12,12.0,0.005405751056969166,1.2629588842391968,94.94537166181404,94.94537166181404,5398,344000,664.1347045898438
119.75,0.5019611120223999,0.4980388283729553,119.75,0.20581702888011932,0.08325427540529784,173,496,496.0,5.3761948947794735e-05,12,12.0,0.01699814759194851,1.2658008337020874,101.39254163891938,101.39254163891938,5423,346000,809.242431640625
122.86,0.4915815591812134,0.5084185004234314,122.86,0.21375058591365814,-0.04024552089005451,174,496,496.0,0.00014586087490897626,12,12.0,0.03990929201245308,1.2755461931228638,105.89117243661059,105.89117243661059,5433,348000,1456.880859375
120.9,0.523101270198822,0.47689852118492126,120.9,0.20732896029949188,0.07344741657997234,175,496,496.0,0.00018478270794730633,12,12.0,0.008164373226463795,1.2687904834747314,105.0744973816197,105.0744973816197,5450,350000,744.5269775390625
122.9,0.48870569467544556,0.5112943053245544,122.9,0.1993846297264099,0.024934449069351494,176,496,496.0,0.00029628927586600184,10,10.0,0.03341231495141983,1.2576313018798828,107.27045259529766,107.27045259529766,5467,352000,709.160400390625
119.26,0.49739187955856323,0.5026082396507263,119.26,0.20205117762088776,0.16880972298725905,177,496,496.0,0.00014731923874933273,10,10.0,0.007669904734939337,1.261903166770935,104.29205338854923,104.29205338854923,5486,354000,624.9537353515625
118.75,0.48557618260383606,0.5144238471984863,118.75,0.20344914495944977,0.16747609291194632,178,496,496.0,0.00016039038018789142,10,10.0,0.020961105823516846,1.262795090675354,105.01517747449651,105.01517747449651,5500,356000,527.2855834960938
124.93,0.4930703341960907,0.5069297552108765,124.93,0.2046828418970108,0.09969742489009581,179,496,496.0,0.00014565717719960958,10,10.0,0.03331620246171951,1.2648588418960571,105.46101222726816,105.46101222726816,5511,358000,691.9380493164062
136.53,0.543632447719574,0.45636796951293945,136.53,0.20486955344676971,0.19180690039082815,180,500,500.0,0.0001521433296147734,10,10.0,0.01447408925741911,1.2632923126220703,110.7226675076066,110.7226675076066,5525,360000,556.8862915039062
131.12,0.4871709942817688,0.5128289461135864,131.12,0.19962258636951447,0.20229712534002964,181,500,500.0,0.00012683110253419727,10,10.0,0.01921573281288147,1.2571383714675903,99.7406917962774,99.7406917962774,5541,362000,550.5411376953125
135.12,0.5298371911048889,0.47016268968582153,135.12,0.21176856756210327,0.26019005832115805,182,500,500.0,0.00014277835725806653,10,10.0,0.016865087673068047,1.2729297876358032,104.00444990479974,104.00444990479974,5554,364000,663.5584106445312
138.67,0.5150040984153748,0.48499590158462524,138.67,0.20850522816181183,0.1695274373931569,183,500,500.0,0.0005249787354841828,10,10.0,0.0006313422927632928,1.2697926759719849,103.7859388356631,103.7859388356631,5569,366000,617.5046997070312
134.48,0.5405511856079102,0.4594484567642212,134.48,0.20400133728981018,0.1210867709757657,184,500,500.0,0.0007984906551428139,10,10.0,0.024746112525463104,1.2635279893875122,100.11488201061817,100.11488201061817,5589,368000,657.0278930664062
133.06,0.5003972053527832,0.49960267543792725,133.06,0.21772992610931396,0.0989471216882889,185,500,500.0,0.0008369612623937428,10,10.0,0.018852610141038895,1.2822027206420898,100.13249422639984,100.13249422639984,5604,370000,597.4047241210938
118.66,0.5025919079780579,0.4974079728126526,118.66,0.21153293550014496,0.23487626204734335,186,410,410.0,0.0005381915252655745,10,10.0,0.012042294256389141,1.2744297981262207,91.89420221102091,91.89420221102091,5626,372000,518.699951171875
113.59,0.4721332788467407,0.5278668403625488,113.59,0.19902600347995758,0.11008520292378621,187,410,410.0,0.00023604993475601077,10,10.0,0.005789733491837978,1.2570374011993408,91.39322677310392,91.39322677310392,5647,374000,558.5949096679688
108.4,0.5016255974769592,0.4983742833137512,108.4,0.2234228402376175,0.17997918164601645,188,341,341.0,0.00017499367822892964,10,10.0,0.04841969534754753,1.2909659147262573,81.26019935983422,81.26019935983422,5662,376000,624.4263916015625
109.19,0.4981805682182312,0.501819372177124,109.19,0.2153216004371643,0.19157485940557795,189,341,341.0,0.0002510723134037107,10,10.0,0.01876663602888584,1.2792983055114746,83.46732234832983,83.46732234832983,5681,378000,567.5330200195312
112.41,0.48873499035835266,0.5112650990486145,112.41,0.21379230916500092,0.20431744339730085,190,341,341.0,0.00014557942631654441,10,10.0,0.02904917113482952,1.2761698961257935,85.4806521968568,85.4806521968568,5692,380000,614.9380493164062
117.9,0.503492534160614,0.49650752544403076,117.9,0.22549182176589966,0.18087114461123643,191,419,419.0,0.000121954784845002,10,10.0,0.018031984567642212,1.2936855554580688,90.98324021488793,90.98324021488793,5708,382000,605.2210083007812
121.05,0.485141783952713,0.514858067035675,121.05,0.22147725522518158,0.3021962314987152,192,419,419.0,0.00012517989671323448,10,10.0,0.04500400647521019,1.286476492881775,92.00754045185643,92.00754045185643,5722,384000,514.2772216796875
128.38,0.49212297797203064,0.5078769326210022,128.38,0.2123860865831375,0.2775274878569852,193,419,419.0,0.0001404562353854999,10,10.0,0.02838595025241375,1.2738933563232422,97.40049075851724,97.40049075851724,5736,386000,559.315185546875
134.96,0.5040572285652161,0.4959425926208496,134.96,0.22287262976169586,0.24227748064490695,194,419,419.0,0.000276663078693673,11,11.0,0.024872448295354843,1.2887582778930664,97.43222464872697,97.43222464872697,5749,388000,570.8463134765625
138.84,0.49657928943634033,0.5034206509590149,138.84,0.20623381435871124,0.3075884579048227,195,419,419.0,0.0002003210101975128,11,11.0,0.010892052203416824,1.2655848264694214,96.31570173133765,96.31570173133765,5765,390000,514.3267822265625
140.42,0.4888021647930145,0.5111978054046631,140.42,0.20541393756866455,0.18980273388199953,196,419,419.0,0.0002356583863729611,11,11.0,0.03454471752047539,1.2651307582855225,96.5398549822818,96.5398549822818,5780,392000,599.180419921875
139.51,0.46411746740341187,0.5358822345733643,139.51,0.21682466566562653,0.23042203244941317,197,419,419.0,0.00020683251204900444,11,11.0,0.01356890331953764,1.283011794090271,101.76811828858781,101.76811828858781,5796,394000,648.3334350585938
130.37,0.4840770661830902,0.515922486782074,130.37,0.21063058078289032,0.15777738688963816,198,375,375.0,0.0003818533441517502,11,11.0,0.01898430474102497,1.2728698253631592,96.00788040572503,96.00788040572503,5814,396000,733.1635131835938
129.61,0.4828016757965088,0.517198383808136,129.61,0.2121695727109909,0.18346359016390745,199,375,375.0,0.00014761160127818584,11,11.0,0.020874714478850365,1.2735377550125122,97.67096753897752,97.67096753897752,5829,398000,524.697021484375
132.2,0.5223988890647888,0.47760096192359924,132.2,0.20301511883735657,0.21352678365419453,200,397,397.0,1.0764018952613696e-05,8,8.0,0.03573199361562729,1.2632982730865479,99.35079264907755,99.35079264907755,5842,400000,615.5950317382812
124.07,0.5191390514373779,0.48086097836494446,124.07,0.20808404684066772,0.14903637585165297,201,397,397.0,1.2242839147802442e-05,8,8.0,-0.006481276825070381,1.2691401243209839,96.68777120194673,96.68777120194673,5862,402000,726.7457275390625
128.16,0.510156512260437,0.489843487739563,128.16,0.20936928689479828,0.21616855419293735,202,397,397.0,1.913541018438991e-05,8,8.0,0.06193595752120018,1.2705131769180298,95.98007293183309,95.98007293183309,5874,404000,531.4754028320312
128.45,0.48221737146377563,0.51778244972229,128.45,0.22145821154117584,0.14134623973901306,203,429,429.0,6.0894835769431666e-05,8,8.0,0.006361799780279398,1.2872731685638428,97.3488957307683,97.3488957307683,5890,406000,671.5165405273438
133.33,0.5052842497825623,0.49471578001976013,133.33,0.20932932198047638,0.28150249840886366,204,429,429.0,0.0004043094231747091,8,8.0,0.03838127478957176,1.2701681852340698,93.3909048034122,93.3909048034122,5903,408000,465.1702880859375
134.39,0.4893699884414673,0.5106300711631775,134.39,0.2140805721282959,0.22946380248149612,205,441,441.0,0.00019858413725160062,8,8.0,0.030276168137788773,1.2755002975463867,95.20440063358416,95.20440063358416,5917,410000,612.5353393554688
139.64,0.5124045014381409,0.48759567737579346,139.64,0.21102778613567352,0.18887351778269446,206,441,441.0,0.00017016111814882606,8,8.0,0.012166637927293777,1.272135853767395,97.07239772458492,97.07239772458492,5929,412000,584.1173706054688
134.64,0.486366868019104,0.5136331915855408,134.64,0.20853382349014282,0.22104870335473992,207,441,441.0,0.00021098792785778642,8,8.0,0.010448656976222992,1.2700752019882202,93.53678634633542,93.53678634633542,5945,414000,592.6407470703125
137.81,0.49675270915031433,0.5032472610473633,137.81,0.2061249315738678,0.20377356116345513,208,441,441.0,7.80875125201419e-05,8,8.0,0.03484334051609039,1.2659456729888916,96.71976995423428,96.71976995423428,5962,416000,567.79248046875
139.63,0.5066213607788086,0.4933786690235138,139.63,0.21303771436214447,0.335383516498465,209,441,441.0,0.0003719032683875412,8,8.0,0.028694672510027885,1.2749667167663574,98.58779386922093,98.58779386922093,5973,418000,590.4940185546875
137.99,0.5127886533737183,0.4872113764286041,137.99,0.20041531324386597,0.090801868497136,210,441,441.0,0.00026382223586551845,8,8.0,0.01747196353971958,1.2590386867523193,96.3144324595229,96.3144324595229,5991,420000,769.3821411132812
142.16,0.4966556131839752,0.5033444166183472,142.16,0.21524490416049957,0.2652564926072113,211,441,441.0,0.0003007416089531034,8,8.0,0.042665667831897736,1.278599500656128,102.41608467423464,102.41608467423464,6002,422000,566.97119140625
149.76,0.5432554483413696,0.4567447006702423,149.76,0.20599465072155,0.33956352824453895,212,446,446.0,0.00022161260130815208,8,8.0,0.04384021833539009,1.2663750648498535,106.48043200513415,106.48043200513415,6011,424000,528.1991577148438
148.92,0.5070910453796387,0.4929089844226837,148.92,0.1967896670103073,0.2925761796325447,213,446,446.0,0.0001763158361427486,9,9.0,0.008470557630062103,1.2525867223739624,106.60728680535867,106.60728680535867,6025,426000,605.3650512695312
144.0,0.5149275064468384,0.4850725531578064,144.0,0.20343172550201416,0.012933009513836913,214,446,446.0,0.0001779097510734573,7,7.0,-0.0008643682231195271,1.2625585794448853,107.18124835996267,107.18124835996267,6043,428000,763.8576049804688
150.44,0.5010997653007507,0.49890029430389404,150.44,0.19567644596099854,0.1787807730009009,215,446,446.0,6.429222412407398e-05,7,7.0,0.030601391568779945,1.2523993253707886,108.80526825480464,108.80526825480464,6052,430000,597.9489135742188
154.83,0.5034759640693665,0.49652397632598877,154.83,0.21072836220264435,0.07149882664676055,216,446,446.0,0.00017498937086202204,7,7.0,0.020881731063127518,1.2732027769088745,111.21394292084064,111.21394292084064,6065,432000,644.4730834960938
155.37,0.5149756669998169,0.4850243628025055,155.37,0.19323092699050903,0.24388488133531294,217,484,484.0,0.0001170910254586488,7,7.0,0.03739471361041069,1.2494090795516968,115.17956893477245,115.17956893477245,6077,434000,581.6210327148438
148.65,0.5074113607406616,0.4925886392593384,148.65,0.19485078752040863,0.05800480369407324,218,484,484.0,3.7910009268671274e-05,7,7.0,-0.00027138806763105094,1.2519164085388184,116.485825317933,116.485825317933,6096,436000,878.572265625
141.16,0.48135894536972046,0.5186412334442139,141.16,0.1959606558084488,0.20687858907394951,219,484,484.0,6.842414586571977e-05,7,7.0,0.005778280086815357,1.2530250549316406,108.68033124719487,108.68033124719487,6112,438000,567.4326171875
137.58,0.5352239608764648,0.4647757411003113,137.58,0.1957969069480896,0.2671632214205135,220,484,484.0,6.789343024138361e-05,7,7.0,0.013972902670502663,1.2526803016662598,102.26262073700244,102.26262073700244,6128,440000,459.2586669921875
138.79,0.5365083813667297,0.4634914696216583,138.79,0.21094825863838196,0.20844410977606065,221,484,484.0,1.7099773685913533e-06,8,8.0,0.024747785180807114,1.2721165418624878,99.26361820929156,99.26361820929156,6142,442000,711.1652221679688
134.56,0.488933265209198,0.5110667943954468,134.56,0.19457808136940002,0.30537859572065906,222,484,484.0,9.47017724683974e-06,8,8.0,0.021114327013492584,1.250550389289856,102.62234844321193,102.62234844321193,6156,444000,602.8230590820312
131.37,0.47518935799598694,0.5248103737831116,131.37,0.18211422860622406,-0.06821626862244168,223,500,500.0,8.180609256669413e-06,10,10.0,0.0016872643027454615,1.2336759567260742,104.84041730172576,104.84041730172576,6172,446000,860.5951538085938
129.76,0.5166735649108887,0.4833262860774994,129.76,0.20109277963638306,0.3032779390760457,224,500,500.0,3.296573777333833e-05,10,10.0,0.005688912700861692,1.259001612663269,97.20124690558244,97.20124690558244,6186,448000,454.2969665527344
132.41,0.49025148153305054,0.5097485184669495,132.41,0.20166753232479095,0.18330273079025994,225,500,500.0,3.876916889566928e-05,10,10.0,0.02500053122639656,1.2609375715255737,95.32776038489523,95.32776038489523,6201,450000,585.6005249023438
130.52,0.4965859651565552,0.5034140944480896,130.52,0.19827008247375488,0.08373073886262272,226,500,500.0,6.274975748965517e-05,10,10.0,0.027383629232645035,1.2565631866455078,100.64586230938659,100.64586230938659,6219,452000,714.0113525390625
138.88,0.5038820505142212,0.49611803889274597,138.88,0.19170169532299042,0.17765213660843804,227,500,500.0,5.161380613571964e-05,10,10.0,0.01747925579547882,1.2453622817993164,108.90879486983593,108.90879486983593,6230,454000,755.1284790039062
143.33,0.5113587379455566,0.48864132165908813,143.33,0.20248618721961975,0.1961873368343493,228,500,500.0,0.00020696553110610694,10,10.0,0.022143661975860596,1.2605080604553223,112.19492457326223,112.19492457326223,6241,456000,576.052490234375
132.36,0.5272871255874634,0.4727129638195038,132.36,0.18885840475559235,0.2470223056924845,229,447,447.0,9.392893844051287e-05,8,8.0,0.017032340168952942,1.2436115741729736,102.13799684740249,102.13799684740249,6263,458000,754.2822265625
126.9,0.5256693363189697,0.4743303060531616,126.9,0.19088856875896454,0.14839505697804467,230,447,447.0,0.00013487317482940853,8,8.0,0.042713262140750885,1.2466239929199219,101.04597963303637,101.04597963303637,6281,460000,577.5062255859375
125.66,0.4881467819213867,0.5118532776832581,125.66,0.18875208497047424,0.09505630510073115,231,447,447.0,7.622569683007896e-05,8,8.0,0.03373347222805023,1.2427427768707275,102.68663204137138,102.68663204137138,6297,462000,616.55126953125
132.01,0.4805438816547394,0.5194563269615173,132.01,0.20355358719825745,0.18525438653950577,232,447,447.0,0.00019732808868866414,8,8.0,0.0440698117017746,1.2629956007003784,108.56081199033102,108.56081199033102,6307,464000,791.5286254882812
134.04,0.5338407754898071,0.46615925431251526,134.04,0.18834087252616882,0.22359205261752202,233,447,447.0,0.0003017303824890405,8,8.0,0.02862359583377838,1.2429511547088623,103.51772022219191,103.51772022219191,6320,466000,602.0933227539062
136.85,0.527656078338623,0.4723438620567322,136.85,0.19318562746047974,0.2089396333517909,234,447,447.0,0.0002726235252339393,8,8.0,0.019306356087327003,1.2488524913787842,102.64846564854246,102.64846564854246,6331,468000,568.6482543945312
132.97,0.5025626420974731,0.49743735790252686,132.97,0.20052820444107056,0.08943157269321544,235,427,427.0,0.00027756422059610486,8,8.0,0.0060523091815412045,1.260225534439087,97.44469764948732,97.44469764948732,6345,470000,759.9677124023438
141.59,0.4964751899242401,0.5035247206687927,141.59,0.19449205696582794,0.17456755408030156,236,466,466.0,0.00011893637565663084,9,9.0,0.015591914765536785,1.2510347366333008,103.66909809581638,103.66909809581638,6356,472000,667.0198974609375
152.06,0.5177266001701355,0.4822733402252197,152.06,0.19737005233764648,0.14700851334334686,237,500,500.0,0.00035500412923283875,9,9.0,0.017658855766057968,1.255059003829956,115.57567391107871,115.57567391107871,6369,474000,568.1783447265625
152.42,0.4870619475841522,0.5129380226135254,152.42,0.17863379418849945,0.10892314361710143,238,500,500.0,0.00027767816209234297,9,9.0,0.02300070971250534,1.2309092283248901,115.54065777898272,115.54065777898272,6384,476000,706.08935546875
159.04,0.4869723916053772,0.5130277276039124,159.04,0.19272564351558685,0.1110159509860682,239,500,500.0,0.00018243343220092356,9,9.0,0.024884000420570374,1.2490781545639038,120.87827927299428,120.87827927299428,6399,478000,727.01171875
153.2,0.511583149433136,0.48841676115989685,153.2,0.18551255762577057,0.15713978527857775,240,500,500.0,0.00022816393175162375,9,9.0,0.04273358732461929,1.2382752895355225,119.57131763094357,119.57131763094357,6413,480000,662.5406494140625
142.95,0.48717641830444336,0.5128235816955566,142.95,0.16852235794067383,0.1940676998095595,241,500,500.0,0.00023354774748440832,9,9.0,0.008444159291684628,1.2178738117218018,116.58716696103392,116.58716696103392,6429,482000,659.2691040039062
148.03,0.5075766444206238,0.49242347478866577,148.03,0.1793786883354187,0.29552011529797917,242,500,500.0,0.00030891699134372175,9,9.0,0.04212961718440056,1.2296735048294067,119.87605724247024,119.87605724247024,6434,484000,766.8132934570312
150.33,0.5149922370910645,0.48500779271125793,150.33,0.18091069161891937,0.27323515873432147,243,500,500.0,0.00016058559413067997,9,9.0,-0.010447882115840912,1.2343579530715942,119.60058988148846,119.60058988148846,6451,486000,866.1823120117188
144.65,0.47658318281173706,0.5234167575836182,144.65,0.1735531985759735,0.2874343104922642,244,500,500.0,0.00012942295870743692,14,14.0,0.020361438393592834,1.2228296995162964,109.14974805284712,109.14974805284712,6463,488000,446.3277282714844
147.27,0.4842315912246704,0.5157684683799744,147.27,0.1786549687385559,0.21309918528004756,245,500,500.0,0.0003449002979323268,14,14.0,0.018869444727897644,1.2309046983718872,107.83838416816157,107.83838416816157,6482,490000,599.2335815429688
148.85,0.48115652799606323,0.5188435316085815,148.85,0.18286825716495514,0.21834178931433346,246,500,500.0,0.00010896358435275033,14,14.0,0.037388142198324203,1.2373535633087158,108.63686068733762,108.63686068733762,6492,492000,682.2403564453125
151.02,0.5048531889915466,0.49514684081077576,151.02,0.1826706826686859,0.2224597919178426,247,500,500.0,0.0003873566456604749,16,16.0,0.009379580616950989,1.2361845970153809,108.78667013931441,108.78667013931441,6506,494000,527.300048828125
149.28,0.5046001672744751,0.4953995645046234,149.28,0.17686475813388824,0.1594748851188067,248,500,500.0,0.0003225873224437237,16,16.0,0.009921048767864704,1.2280664443969727,105.11832190441399,105.11832190441399,6523,496000,671.4044189453125
133.41,0.4737684726715088,0.5262317061424255,133.41,0.17269600927829742,0.19847843555257794,249,500,500.0,0.00023443128156941384,15,15.0,0.0028981356881558895,1.2229527235031128,93.09200771279993,93.09200771279993,6539,498000,541.0276489257812
132.34,0.48940569162368774,0.5105944275856018,132.34,0.17089486122131348,0.22741675484769897,250,500,500.0,0.0004241008427925408,8,8.0,0.03612322732806206,1.220107913017273,95.10501774354495,95.10501774354495,6556,500000,601.1248779296875
